Date,Open,High,Low,Close,Adj Close,Volume
13-07-2018,9.56,9.815,9.55,9.71,9.42345,27224000
16-07-2018,9.865,9.885,9.77,9.8,9.510794,14771800
17-07-2018,,,9.76,9.95,,12135400
18-07-2018,9.88,9.91,9.83,9.84,9.549613,5833800
19-07-2018,9.72,,9.72,,9.56417,14995000
20-07-2018,,,9.945,10.005,9.709743,10394600
23-07-2018,10.025,10.09,9.995,,9.777678,6873400
24-07-2018,10.175,10.21,10.13,10.195,9.894136,8553200
25-07-2018,10.22,10.34,10.205,,9.986332,7539200
26-07-2018,10.255,10.3,,10.27,9.966924,9587400
27-07-2018,10.3,10.315,10.115,10.17,9.869875,8674800
30-07-2018,10.1,10.15,9.94,9.97,9.675777,14123200
31-07-2018,,10.105,10.035,10.09,9.792234,16554000
01-08-2018,10.125,10.18,10.1,10.175,9.874727,9094000
02-08-2018,10.09,10.22,,10.19,9.889283,14119600
03-08-2018,10.175,10.275,10.13,10.27,9.966924,
06-08-2018,10.215,10.305,,10.295,9.991185,6577600
07-08-2018,10.325,10.33,10.15,10.3,9.996037,9157800
08-08-2018,10.3,10.43,10.265,10.375,10.068825,7491200
09-08-2018,10.425,10.49,10.41,10.45,10.141611,5629600
10-08-2018,10.355,,10.335,10.4,10.093086,4435400
13-08-2018,10.435,10.475,10.395,10.41,10.102792,4827600
14-08-2018,10.405,10.475,10.385,10.45,10.141611,5472800
15-08-2018,10.39,10.45,10.3,10.435,10.127054,6000200
16-08-2018,10.5,10.52,10.455,10.495,10.185283,6288200
17-08-2018,10.49,10.57,10.465,10.54,10.228956,7209600
20-08-2018,10.25,10.39,10.145,10.25,9.947514,12304800
21-08-2018,10.295,10.375,10.225,10.245,9.942661,8231200
22-08-2018,10.245,10.285,10.205,10.25,9.947514,10869000
23-08-2018,10.3,10.365,10.18,10.19,9.889283,11189200
24-08-2018,10.215,10.215,10.09,10.15,9.850465,7687000
27-08-2018,10.325,10.39,10.26,10.27,9.966924,7388600
28-08-2018,10.35,10.355,10.305,10.325,10.020301,7254000
29-08-2018,10.22,10.265,10.16,10.175,9.874727,12943200
30-08-2018,10.18,10.255,10.135,10.23,9.928103,9159000
31-08-2018,10.31,10.4,10.3,10.385,10.078529,6992200
04-09-2018,10.43,10.46,10.28,10.38,10.073677,12184400
05-09-2018,10.19,10.38,10.17,10.355,10.049415,12774400
06-09-2018,10.295,10.405,10.285,10.4,10.093086,7225000
07-09-2018,10.39,10.535,10.365,10.425,10.11735,10373600
10-09-2018,10.38,10.48,10.3,10.35,10.044563,8940600
11-09-2018,10.36,10.555,10.35,10.485,10.175577,8671800
12-09-2018,10.57,10.65,10.53,10.55,10.23866,4392500
13-09-2018,10.6,10.64,10.47,10.61,10.296889,9522300
14-09-2018,10.52,10.54,10.27,10.32,10.015448,10702000
17-09-2018,10.21,10.29,10.2,10.25,9.947514,7260000
18-09-2018,10.18,10.18,10.08,10.14,9.84076,6657600
19-09-2018,10.2,10.23,9.99,10.01,9.714596,11042600
20-09-2018,10.08,10.1,9.97,10.07,9.772825,9811500
21-09-2018,10.04,10.04,9.89,9.93,9.636957,7935600
24-09-2018,10.04,10.07,9.93,9.95,9.656367,12798900
25-09-2018,10.06,10.19,10.03,10.15,9.850465,10763500
26-09-2018,10.06,10.2,10.03,10.06,9.763121,6388300
27-09-2018,10.1,10.2,10.07,10.1,9.80194,8822100
28-09-2018,10.22,10.25,10.12,10.17,9.869875,9329800
01-10-2018,10.34,10.39,10.3,10.37,10.063972,7440100
02-10-2018,10.32,10.32,10.2,10.27,9.966924,9053800
03-10-2018,10.12,10.15,10.01,10.04,9.743711,10073600
04-10-2018,9.81,10.02,9.8,10,9.704891,14905600
05-10-2018,10.02,10.19,10.01,10.17,9.869875,8296800
08-10-2018,9.97,10.07,9.92,10.03,9.734005,9091600
09-10-2018,9.97,10.04,9.93,10.02,9.724301,8825600
10-10-2018,9.81,9.84,9.63,9.74,9.452564,23251500
11-10-2018,9.53,9.68,9.46,9.52,9.239058,18729300
12-10-2018,9.65,9.76,9.57,9.74,9.452564,11524500
15-10-2018,9.85,9.96,9.79,9.91,9.617547,17032800
16-10-2018,9.95,10.52,9.91,10.22,9.918399,27500700
17-10-2018,10.06,10.06,9.74,9.8,9.510794,20694700
18-10-2018,9.78,9.78,9.35,9.54,9.258466,21337000
19-10-2018,9.6,9.76,9.54,9.58,9.297286,8651900
22-10-2018,9.57,9.58,9.4,9.48,9.200236,9586300
23-10-2018,9.24,9.42,9.22,9.4,9.122598,10275200
24-10-2018,9.3,9.37,9.05,9.06,8.792632,11702500
25-10-2018,9.08,9.2,9.05,9.11,8.934843,9126200
26-10-2018,8.99,9.05,8.85,9.02,8.846575,8647400
29-10-2018,9.08,9.1,8.88,8.97,8.797536,9618300
30-10-2018,9.16,9.32,9.1,9.19,9.013305,13429500
31-10-2018,9.45,9.54,9.41,9.47,9.287922,9089200
01-11-2018,9.39,9.4,9.21,9.3,9.121191,12112500
02-11-2018,9.34,9.41,9.23,9.25,9.072152,8302600
05-11-2018,9.29,9.47,9.29,9.4,9.219268,9240100
06-11-2018,9.44,9.55,9.39,9.48,9.297729,6901300
07-11-2018,9.62,9.69,9.58,9.61,9.42523,6291500
08-11-2018,9.61,9.65,9.46,9.51,9.327153,5057100
09-11-2018,9.41,9.5,9.37,9.49,9.307537,5318600
12-11-2018,9.42,9.47,9.27,9.34,9.160421,7691300
13-11-2018,9.37,9.46,9.33,9.4,9.219268,5937800
14-11-2018,9.41,9.44,9.16,9.25,9.072152,5406400
15-11-2018,9.27,9.37,9.16,9.33,9.150614,7020900
16-11-2018,9.28,9.37,9.25,9.33,9.150614,4709700
19-11-2018,9.33,9.33,9.21,9.29,9.111383,6507000
20-11-2018,9.18,9.19,9.05,9.09,8.915228,7108500
21-11-2018,8.99,9.1,8.95,9.07,8.895612,7539300
23-11-2018,9.05,9.16,9.05,9.09,8.915228,3158400
26-11-2018,9.07,9.21,9.06,9.18,9.003497,6051900
27-11-2018,9.25,9.31,9.19,9.27,9.091768,5458600
28-11-2018,9.63,9.89,9.56,9.86,9.670423,13928900
29-11-2018,9.79,9.8,9.66,9.68,9.493885,12415800
30-11-2018,9.8,9.86,9.75,9.86,9.670423,10463200
03-12-2018,9.91,9.94,9.86,9.9,9.709654,13191200
04-12-2018,9.94,10.05,9.83,9.85,9.660616,9518900
06-12-2018,9.77,9.86,9.71,9.83,9.641,17177400
07-12-2018,9.83,9.97,9.65,9.69,9.503692,11353200
10-12-2018,9.55,9.59,9.43,9.57,9.386,7731000
11-12-2018,9.65,9.77,9.62,9.69,9.503692,7952700
12-12-2018,9.77,9.82,9.66,9.66,9.474269,5453300
13-12-2018,9.93,9.98,9.85,9.87,9.680231,7971700
14-12-2018,9.99,10.01,9.87,9.89,9.699846,7799600
17-12-2018,9.82,9.83,9.54,9.6,9.415423,10520400
18-12-2018,9.68,9.72,9.5,9.54,9.356576,9742500
19-12-2018,9.49,9.58,9.38,9.43,9.248692,8175400
20-12-2018,9.51,9.54,9.14,9.28,9.101575,23548800
21-12-2018,9.21,9.31,9.1,9.1,8.925036,15286200
24-12-2018,9.19,9.24,9.07,9.08,8.90542,8590700
26-12-2018,9.15,9.38,9.12,9.38,9.199653,9004200
27-12-2018,9.3,9.45,9.28,9.45,9.268306,9856500
28-12-2018,9.48,9.5,9.38,9.43,9.248692,6818500
31-12-2018,9.47,9.53,9.39,9.52,9.336961,7229400
02-01-2019,9.5,9.73,9.47,9.61,9.42523,9818900
03-01-2019,9.55,9.59,9.47,9.47,9.287922,9404900
04-01-2019,9.52,9.72,9.5,9.63,9.444846,7119000
07-01-2019,9.7,9.81,9.66,9.71,9.523308,7732700
08-01-2019,9.82,9.85,9.72,9.75,9.562538,9391600
09-01-2019,9.76,9.89,9.74,9.87,9.680231,9634300
10-01-2019,9.78,9.89,9.7,9.88,9.690039,13956500
11-01-2019,10.18,10.68,10.12,10.41,10.209848,40526400
14-01-2019,10.18,10.41,10.13,10.37,10.170618,34162200
15-01-2019,10.57,10.58,10.46,10.49,10.28831,12153400
16-01-2019,10.57,10.64,10.55,10.61,10.406003,12048400
17-01-2019,10.54,10.63,10.5,10.58,10.37658,9581000
18-01-2019,10.6,10.69,10.58,10.67,10.46485,10168700
22-01-2019,10.64,10.68,10.47,10.53,10.327541,10437700
23-01-2019,10.56,10.56,10.43,10.53,10.327541,8108100
24-01-2019,10.53,10.55,10.43,10.43,10.285139,6627700
25-01-2019,10.51,10.58,10.41,10.55,10.403472,8839100
28-01-2019,10.49,10.57,10.44,10.52,10.373889,5192200
29-01-2019,10.49,10.53,10.42,10.48,10.334444,8271100
30-01-2019,10.46,10.63,10.42,10.59,10.442917,7026000
31-01-2019,10.68,10.82,10.68,10.8,10.650001,10354900
01-02-2019,10.85,10.93,10.81,10.9,10.74861,6651300
04-02-2019,10.83,10.88,10.79,10.87,10.719028,7449000
05-02-2019,10.85,10.92,10.83,10.84,10.689445,6926300
06-02-2019,10.91,10.94,10.85,10.9,10.74861,5478400
07-02-2019,10.86,10.93,10.8,10.85,10.699306,7116200
08-02-2019,10.83,10.89,10.81,10.86,10.709167,4103300
11-02-2019,10.86,10.89,10.79,10.82,10.669722,5929600
12-02-2019,10.85,10.86,10.76,10.77,10.620417,6300600
13-02-2019,10.85,10.87,10.77,10.8,10.650001,9532300
14-02-2019,10.65,10.76,10.62,10.76,10.610556,8443400
15-02-2019,10.68,10.78,10.64,10.76,10.610556,9269100
19-02-2019,10.47,10.57,10.38,10.55,10.403472,13443300
20-02-2019,10.62,10.73,10.62,10.7,10.551389,6693600
21-02-2019,10.6,10.62,10.49,10.55,10.403472,6913200
22-02-2019,10.56,10.68,10.55,10.63,10.482361,4644600
25-02-2019,10.83,10.92,10.78,10.81,10.659862,7781200
26-02-2019,10.7,10.76,10.62,10.73,10.580972,6343700
27-02-2019,10.61,10.73,10.57,10.7,10.551389,6812900
28-02-2019,10.69,10.77,10.65,10.72,10.571112,6815000
01-03-2019,10.79,10.87,10.74,10.84,10.689445,8012100
04-03-2019,10.85,10.87,10.66,10.72,10.571112,5650900
05-03-2019,10.72,10.8,10.65,10.77,10.620417,5576000
06-03-2019,10.7,10.75,10.68,10.71,10.56125,6026600
07-03-2019,10.65,10.71,10.48,10.49,10.344305,8304200
08-03-2019,10.41,10.48,10.36,10.47,10.324583,6145300
11-03-2019,10.48,10.57,10.46,10.55,10.403472,5497300
12-03-2019,10.53,10.55,10.46,10.52,10.373889,9129600
13-03-2019,10.53,10.6,10.48,10.55,10.403472,10809900
14-03-2019,10.52,10.61,10.48,10.6,10.452778,5964500
15-03-2019,10.69,10.77,10.69,10.7,10.551389,7108200
18-03-2019,10.7,10.74,10.68,10.72,10.571112,5828700
19-03-2019,10.8,10.91,10.79,10.9,10.74861,7204100
20-03-2019,10.97,11.04,10.88,10.94,10.788055,7616300
21-03-2019,10.94,11.08,10.94,11.06,10.906389,5108000
22-03-2019,11.05,11.12,10.86,10.88,10.728889,8525300
25-03-2019,10.86,10.88,10.77,10.82,10.669722,7322400
26-03-2019,10.86,10.88,10.77,10.82,10.669722,4427200
27-03-2019,10.79,10.83,10.67,10.73,10.580972,5644900
28-03-2019,10.91,10.94,10.83,10.88,10.728889,5429900
29-03-2019,10.93,11.03,10.92,10.93,10.778194,5862300
01-04-2019,11.07,11.16,11.03,11.09,10.935972,5765400
02-04-2019,11.16,11.26,11.1,11.18,11.024722,7661600
03-04-2019,11.2,11.28,11.16,11.2,11.044444,7516300
04-04-2019,11.09,11.15,11,11.07,10.916249,5658700
05-04-2019,11.17,11.36,11.15,11.32,11.162777,9160300
08-04-2019,11.28,11.38,11.27,11.31,11.152917,4759200
09-04-2019,11.23,11.26,11.14,11.15,10.995138,15865500
10-04-2019,11.12,11.17,11.04,11.08,10.926111,15151400
11-04-2019,11.05,11.07,10.9,10.97,10.817639,19697600
12-04-2019,10.6,10.71,10.45,10.55,10.403472,27590500
15-04-2019,10.61,10.61,10.5,10.57,10.423194,15949200
16-04-2019,10.56,10.57,10.36,10.37,10.225972,21431800
17-04-2019,10.42,10.46,10.37,10.41,10.265416,10317700
18-04-2019,10.45,10.49,10.34,10.39,10.245695,18307000
22-04-2019,10.44,10.47,10.39,10.45,10.304861,7392500
23-04-2019,10.48,10.64,10.48,10.53,10.38375,13314800
24-04-2019,10.62,10.7,10.56,10.58,10.433056,12134700
25-04-2019,10.57,10.57,10.4,10.52,10.373889,7030200
26-04-2019,10.64,10.68,10.56,10.65,10.502083,5366900
29-04-2019,10.69,10.78,10.66,10.75,10.600695,6956900
30-04-2019,10.82,10.88,10.75,10.76,10.610556,8432300
01-05-2019,10.81,10.88,10.76,10.77,10.620417,9212300
02-05-2019,10.64,10.72,10.47,10.57,10.423194,12516500
03-05-2019,10.56,10.56,10.07,10.33,10.186527,30580400
06-05-2019,10.31,10.52,10.31,10.45,10.304861,13121800
07-05-2019,10.44,10.46,10.29,10.34,10.196389,13262100
08-05-2019,10.42,10.43,10.26,10.39,10.245695,11854500
09-05-2019,10.34,10.36,10.19,10.2,10.058333,18123600
10-05-2019,10.23,10.27,10.11,10.26,10.1175,19016300
13-05-2019,10.17,10.18,10.04,10.11,9.969583,13309000
14-05-2019,10.15,10.29,10.13,10.21,10.068194,5885600
15-05-2019,10.23,10.39,10.19,10.39,10.245695,11611400
16-05-2019,10.48,10.56,10.47,10.51,10.364028,8502800
17-05-2019,10.4,10.44,10.15,10.17,10.02875,12427600
20-05-2019,10.31,10.36,10.15,10.2,10.058333,17155700
21-05-2019,10.2,10.21,10.12,10.18,10.038611,13841200
22-05-2019,10.19,10.32,10.18,10.22,10.078055,8639200
23-05-2019,10.08,10.2,10.01,10.16,10.018888,6115600
24-05-2019,10.27,10.35,10.23,10.23,10.087916,10594200
28-05-2019,10.4,10.45,10.3,10.3,10.156944,13101000
29-05-2019,10.33,10.34,10.23,10.27,10.127361,9885000
30-05-2019,10.38,10.6,10.37,10.57,10.423194,9560600
31-05-2019,10.5,10.53,10.41,10.47,10.324583,8501000
03-06-2019,10.56,10.63,10.41,10.45,10.304861,16517600
04-06-2019,10.5,10.6,10.42,10.58,10.433056,8956200
05-06-2019,10.56,10.57,10.43,10.44,10.294999,7705300
06-06-2019,10.46,10.58,10.46,10.53,10.38375,5068500
07-06-2019,10.52,10.68,10.52,10.63,10.482361,4587400
10-06-2019,10.76,10.81,10.73,10.78,10.630278,6059100
11-06-2019,10.84,10.85,10.72,10.84,10.689445,6582600
12-06-2019,10.82,10.9,10.77,10.8,10.650001,7234800
13-06-2019,10.63,10.7,10.54,10.62,10.62,11253600
14-06-2019,10.59,10.67,10.57,10.6,10.6,4910900
17-06-2019,10.52,10.65,10.47,10.6,10.6,5351000
18-06-2019,10.79,10.83,10.74,10.75,10.75,9545700
19-06-2019,10.78,10.8,10.59,10.6,10.6,17172400
20-06-2019,10.79,10.8,10.68,10.77,10.77,14996300
21-06-2019,10.72,10.79,10.68,10.72,10.72,8959000
24-06-2019,10.72,10.77,10.65,10.68,10.68,6824800
25-06-2019,10.7,10.7,10.61,10.65,10.65,8018600
26-06-2019,10.66,10.68,10.6,10.66,10.66,4425400
27-06-2019,10.59,10.67,10.52,10.62,10.62,7636900
28-06-2019,10.64,10.71,10.63,10.7,10.7,6315300
01-07-2019,10.7,10.7,10.62,10.7,10.7,8902200
02-07-2019,10.73,10.79,10.72,10.76,10.76,7007200
03-07-2019,10.69,10.77,10.67,10.74,10.74,6879500
05-07-2019,10.57,10.7,10.54,10.69,10.69,18833300
08-07-2019,10.6,10.62,10.55,10.56,10.56,13564300
09-07-2019,10.54,10.55,10.37,10.42,10.42,23515700
10-07-2019,10.55,10.61,10.44,10.48,10.48,14954300
11-07-2019,10.57,10.72,10.53,10.72,10.72,15798500
12-07-2019,11.34,11.56,11.27,11.4,11.4,41385700
13-07-2019,11.34,11.56,11.27,11.4,11.4,41385700
14-07-2019,8.99,9.05,8.85,8.97,8.792632,3158400
15-07-2019,9.759562267,10.07193003,10.67939641,9.192171923,9.783656,34154752
16-07-2019,10.65513995,9.895740079,11.03148833,10.65836689,9.815482751,21410443
17-07-2019,10.10236989,9.71214648,9.844361936,11.23811305,9.138367038,12405203
18-07-2019,10.95789455,9.932361449,9.707678598,9.643449903,8.887261793,38594968
19-07-2019,10.30047698,11.31040493,10.27842458,10.91360585,11.27496985,33318462
20-07-2019,10.94175256,9.50693066,9.754556181,9.250463761,9.452140428,14137553
21-07-2019,9.401652795,11.32177956,9.705810987,9.997410902,10.21070139,14768696
22-07-2019,10.69674371,9.738286318,11.04839152,11.0246627,11.1744715,18420700
23-07-2019,10.53650811,11.2756806,9.466100512,10.93415344,8.839568558,40726489
24-07-2019,11.08896785,9.278710145,9.097823185,9.84861137,9.242449024,20282898
25-07-2019,11.07763646,9.78328597,9.20329672,10.07593343,8.967625027,16139771
02-02-2020,10.20911873,11.00479774,10.12477198,10.88724275,10.92987157,30995066
03-02-2020,9.568043961,9.299241075,8.965102335,11.37908239,8.995297842,29347200
04-02-2020,11.30260008,10.72950552,10.96016997,9.014739693,9.899019389,27324211
05-02-2020,9.572697901,11.16813865,10.01293593,10.22963179,10.41842551,40779760
06-02-2020,9.284323134,10.42505868,10.56917198,10.89625926,11.11617876,27075591
07-02-2020,9.815486354,10.81884132,9.245575956,11.39666247,11.11740112,9622385
08-02-2020,10.35394072,9.97453148,10.38377615,11.20957929,10.01714007,38738897
09-02-2020,9.365714237,11.41585793,10.11790827,10.81444756,10.12835083,26927239
10-02-2020,9.060985306,11.46037342,9.628112296,11.21680898,11.03611278,28127803
11-02-2020,10.59482209,11.47594865,9.976004176,10.5348266,11.28449824,14551555
12-02-2020,9.780231806,9.17956995,9.716682491,10.92644218,10.74410911,7923644
13-02-2020,9.177907289,11.39123472,9.731204103,10.41978727,10.86536895,41006783
14-02-2020,10.49452889,9.500747741,10.2257166,11.16438018,9.47283914,26666657
15-02-2020,10.16860288,9.615327297,10.04192825,10.85416224,9.369532079,36404220
16-02-2020,10.93474052,10.70057873,9.563564405,9.185830432,8.968916875,34375964
17-02-2020,10.93583363,9.99983154,9.987808846,10.05411668,10.65862002,6175368
18-02-2020,10.84558517,9.830518246,9.412135648,9.261513737,9.767709887,6427590
19-02-2020,9.535842934,11.10337822,9.298449405,10.47912123,10.2407161,26066492
20-02-2020,9.934719793,10.45900223,9.397059261,9.762496556,9.723666526,4288517
21-02-2020,9.31381693,9.200640295,10.6706291,9.238274824,9.594470275,23226171
22-02-2020,10.22025758,10.71674216,9.864362994,10.47863184,10.02288685,27783916
23-02-2020,10.44742987,9.874795232,8.950228756,9.589522275,11.26603953,38187290
24-02-2020,9.62055317,11.22337499,9.450350264,10.33282344,9.911252076,20330029
25-02-2020,10.91867269,9.510545244,10.42528848,10.73570369,9.069946625,24326009
26-02-2020,9.999308973,10.1623605,9.195105655,9.225814967,9.975531899,40492062
27-02-2020,9.302969134,10.36472285,9.346540426,10.7329609,10.17030016,17060040
28-02-2020,10.63294829,10.99555328,10.29969536,9.925857758,10.28373331,5637647
29-02-2020,11.16271403,10.85972443,9.541455551,9.362969458,9.363643499,13565086
01-03-2020,10.62128129,9.630061257,10.64217592,10.11570144,9.350043736,3801908
02-03-2020,9.811457178,10.81041613,9.730331112,9.646056596,9.756998133,34063791
03-03-2020,10.20814272,9.864930733,10.48171031,11.18748892,9.338501681,21246349
04-03-2020,10.63095167,11.2448436,9.4095764,9.935360906,9.450116491,5688609
05-03-2020,9.55372751,11.04912058,9.889876726,10.95625668,10.66925832,35895847
06-03-2020,10.81861307,10.39286873,9.413314662,9.506434324,10.8880886,10399122
07-03-2020,10.11790623,11.24890603,8.981124706,11.21277733,9.868472839,5473088
08-03-2020,10.78570472,9.606471059,10.63296929,10.60805574,9.715032732,36687618
09-03-2020,10.63471731,9.322092732,10.32571831,9.508374767,9.60337734,30162785
10-03-2020,9.036388292,9.609613918,9.063506023,10.47350111,9.626142454,41019961
11-03-2020,11.28389225,11.55665087,9.247676082,11.23166396,9.137556073,29699992
12-03-2020,10.41093771,9.077663257,10.55726541,11.08862016,9.813397234,40835014
13-03-2020,9.623559016,10.33002509,9.211585441,10.46049348,9.707662584,9083199
14-03-2020,10.93556698,10.49011956,10.95091372,11.3477917,10.19195998,26275194
15-03-2020,11.23607442,9.365119267,10.73436443,10.0869125,10.12823854,11930030
16-03-2020,10.27297214,9.385737996,10.04475654,10.24547195,11.00137064,26116842
17-03-2020,10.97347613,11.52056409,9.550812415,11.18637868,10.61221351,30594320
18-03-2020,10.49773597,11.25483757,9.981508949,9.807641123,9.733519443,29475622
19-03-2020,9.211130668,10.49192618,8.851977695,10.35659264,9.962472042,17263482
20-03-2020,9.975374078,9.271529175,10.27640959,11.3062702,9.011864283,40643329
21-03-2020,11.09648222,10.82544919,9.308510523,9.293328117,9.552657429,25505890
22-03-2020,11.11455529,10.60679144,10.90889659,10.88444943,10.11850398,23824791
23-03-2020,10.78973506,11.32074905,10.98532655,9.89599365,9.000726134,38682417
24-03-2020,10.5188134,11.33135239,9.162103355,11.03593178,10.56957655,35894677
25-03-2020,9.740858792,11.47023122,9.068052823,9.122815906,10.52904097,30693747
26-03-2020,10.51326303,10.52782051,9.645441508,10.84371998,10.82171596,9890007
27-03-2020,10.65197403,11.43570486,10.10201476,9.851002986,9.357000814,23344670
28-03-2020,11.10762213,11.24560608,9.427724574,9.208700265,10.32769881,40454422
29-03-2020,9.967739137,9.879166524,10.73795229,10.68176679,9.452373248,9938545
30-03-2020,10.38456567,10.07841586,10.17453835,10.75101275,10.69805363,10051690
31-03-2020,10.75717882,10.56458647,9.025740533,9.434501004,10.24862266,23384882
01-04-2020,9.401749406,9.167328527,10.44913618,10.17137865,9.778390354,36698668
02-04-2020,9.256372972,9.759872265,9.849814404,10.35509388,11.28135128,6747482
03-04-2020,9.259412977,9.159584091,9.486560359,10.02405415,11.01469545,23537483
04-04-2020,9.845208658,10.81362683,10.20367085,10.0882397,9.663719468,24780953
05-04-2020,11.32580905,9.628468426,8.874223678,11.03910009,11.12615965,20917386
06-04-2020,9.779650599,9.092354709,11.12344193,11.23920848,9.938277195,15646354
07-04-2020,10.71881888,10.87616888,9.573484251,9.805036179,9.181800502,8270698
08-04-2020,9.052145973,11.49914796,9.087969639,10.80796333,9.954647329,31775832
09-04-2020,11.26744277,11.17736998,9.009925187,10.72607751,11.38434121,9007717
10-04-2020,10.08682158,10.97737443,9.226274393,11.09628048,9.342659777,13805159
11-04-2020,10.94392344,11.33377948,9.740868017,9.249347564,10.85819636,4750878
12-04-2020,9.790811162,10.37788131,10.57225317,10.15709551,10.89000883,20096380
13-04-2020,11.26044683,10.49779357,9.991824683,10.82902273,9.573452208,18604027
14-04-2020,11.25821989,9.363113307,10.30652302,10.7271995,9.163720466,21743818
15-04-2020,10.99702002,9.221874945,11.22188092,10.03600126,11.08971907,10585926
16-04-2020,9.95071224,9.928779948,9.24729276,10.96884912,9.775167628,25711972
17-04-2020,10.76160245,9.25934698,10.63107749,11.36330063,9.64370494,11457119
18-04-2020,9.496866473,10.43499599,10.27182206,10.07450402,11.33452198,9404202
19-04-2020,11.09913246,10.37622073,10.00073739,11.17476243,10.4356186,15360082
20-04-2020,9.986926216,10.07248672,9.171861357,10.1283192,9.473910507,28346550
21-04-2020,10.12535736,11.18838347,10.33900787,9.112756089,10.97108501,19407700
22-04-2020,10.81614374,10.82777228,10.67505628,10.40709506,10.74817475,13854236
23-04-2020,10.49165306,11.00013848,9.298733033,9.850299382,9.560521069,18338801
24-04-2020,10.35048195,9.299089958,9.968180324,9.483820862,10.61851144,15374305
25-04-2020,9.694987737,9.791729943,10.08188249,9.941096882,9.634533724,36358370
26-04-2020,10.06428371,9.779608673,9.647470614,10.28952233,10.18290896,12765035
27-04-2020,10.05643529,11.20333784,8.977283128,11.2093101,9.763369325,21871493
28-04-2020,9.045952016,10.34370948,10.22219152,10.62283221,9.942970843,7511270
29-04-2020,10.57819435,10.28625621,10.12371704,9.450137136,9.779165522,36150394
30-04-2020,10.91403338,11.13928566,10.51709701,9.937893335,9.986277319,32877679
01-05-2020,10.77775804,10.34584406,9.210044604,11.09481248,9.577415738,28428141
02-05-2020,10.90667634,10.00962478,9.398353137,10.43335694,10.32591931,36323710
03-05-2020,11.27024186,10.92325254,11.05225387,9.190750165,10.27023026,33683432
04-05-2020,10.88004589,10.02259028,9.438743274,10.4143644,9.961731072,11766638
05-05-2020,9.411741735,11.11986347,9.303627334,9.409797669,10.06289062,16732985
06-05-2020,9.582182478,9.91096425,10.05614509,9.429382736,10.88216616,38876537
07-05-2020,9.243361083,10.71791123,11.0955083,10.02068766,11.25188986,25325913
08-05-2020,10.93735323,10.94120327,9.066334479,11.19173687,11.30573137,37939745
09-05-2020,11.27104856,9.727052228,11.22532201,9.231915517,9.933068481,37631083
10-05-2020,9.859802103,11.16168281,9.244832462,11.17631046,10.2585207,40575606
11-05-2020,10.060338,10.79891296,10.13977369,11.0144245,10.95406462,26119279
12-05-2020,10.67455041,9.263136877,9.842321948,11.1372284,10.50337513,38681612
13-05-2020,10.1153762,11.29888448,9.515705172,10.44557791,9.35105954,31230296
14-05-2020,11.21921033,9.923857454,9.702000921,9.157508179,11.11397154,38799597
15-05-2020,9.827477272,10.07330793,9.163932262,9.511413916,8.863912417,24430694
16-05-2020,9.327549405,9.271875065,10.96233435,10.16583099,10.10639316,11908555
17-05-2020,11.31594812,10.050623,9.398384165,11.18713386,9.826284542,17108009
18-05-2020,11.33254972,9.126307913,9.024697786,10.07863228,11.06707701,34063955
19-05-2020,11.00173128,11.21796515,9.425886281,10.40869306,9.141514001,28317437
20-05-2020,10.07088399,10.73673744,8.967111248,9.059434271,9.468257828,3609029
21-05-2020,10.61658269,11.38677454,10.17090817,10.8380911,9.100954685,33969447
22-05-2020,9.152086615,9.434982098,10.7785874,9.088555591,10.00958237,23292483
23-05-2020,10.38514274,9.662906004,10.01470477,11.17838295,9.241022982,4185318
24-05-2020,9.120891874,11.11003741,10.39195236,9.436939187,10.95581128,39986821
25-05-2020,10.48516424,11.49770289,11.02284852,11.13623837,9.963076911,35277530
26-05-2020,11.19743588,11.29592392,10.85151978,9.272061772,11.02843656,40529459
27-05-2020,11.06292425,9.465061454,10.3774815,10.61530904,10.47821781,32071502
28-05-2020,9.807533621,11.12763683,9.545196546,9.81607165,9.191944261,31489682
29-05-2020,9.086376161,10.85296094,10.82354068,9.597600521,10.79174451,36406766
30-05-2020,9.793655734,9.16945053,10.96752988,10.4190095,10.81069784,30804702
31-05-2020,10.63478997,10.31011809,10.27330875,10.04528199,10.40009591,4662754
01-06-2020,10.73375817,10.75891948,8.899206308,9.035949019,9.629755365,26214363
02-06-2020,9.05119284,11.54560235,10.64103141,10.80063873,11.29421511,23504614
03-06-2020,10.04890227,10.64950396,10.10726776,9.746918513,10.40119663,34334694
04-06-2020,11.33960738,9.175577348,9.759784479,11.31629887,10.05364189,5072646
05-06-2020,10.82449605,11.2005608,10.95092771,10.57961983,9.582840903,23938459
06-06-2020,10.64738972,9.558012829,10.44200058,9.580334923,10.81358848,37460765
07-06-2020,10.63516167,11.29380521,10.82753633,9.779903866,11.09479801,23533472
08-06-2020,9.447641301,10.39326905,11.23679461,11.33773302,10.54422025,3437252
09-06-2020,9.594316276,11.51733775,10.56122176,10.43614216,9.944562025,28079328
10-06-2020,10.92085019,10.79682527,9.571689322,11.26738191,9.132414039,17774102
11-06-2020,9.941859445,10.44824306,10.55669272,9.49165985,9.354423084,37662501
12-06-2020,10.68187944,9.606542518,9.937446972,10.7053151,10.22821542,11426510
13-06-2020,8.993032318,9.402312202,9.715132447,10.27415346,10.39272757,3999234
14-06-2020,10.23448924,11.22532955,9.919060254,10.84376077,9.80483276,8021511
15-06-2020,10.7364702,10.62077853,9.191151038,10.41905993,10.00311866,19739016
16-06-2020,9.588135085,10.2610984,11.16313956,9.214377645,10.07472237,17710956
17-06-2020,9.362421285,10.22706275,11.26645151,9.235207459,10.82685201,17342373
18-06-2020,9.299023382,10.12612265,8.990783003,10.71647186,10.11839305,27653297
19-06-2020,10.17649905,9.421660083,9.702286549,11.17760833,11.25914863,7796423
20-06-2020,10.40723879,9.541192388,9.101960366,11.10181178,10.68948636,5607963
21-06-2020,10.6607294,9.749451769,11.15798807,9.245639145,9.878444707,25407404
22-06-2020,10.56751127,11.52172181,10.71170783,10.30618107,10.6226209,18181000
23-06-2020,9.627899742,9.34620989,10.56046219,10.63318206,9.110303366,39735148
24-06-2020,10.18186743,11.2407421,9.150824482,10.42144102,10.31471882,21995430
25-06-2020,11.19912943,10.7054821,9.277486042,10.62714382,9.029898715,26538277
26-06-2020,9.264341506,10.45853419,10.31736322,9.448747837,9.766195246,25873011
27-06-2020,9.894111154,9.469301979,10.23204822,9.232681779,11.14612668,41210435
28-06-2020,10.09391022,9.222941949,9.21674855,9.085180534,10.62469979,9998877
29-06-2020,10.91407497,9.911861895,9.918868602,10.90263058,9.541542959,37829167
30-06-2020,9.573323449,9.284475235,9.745117434,10.49634117,9.963769933,10280692
01-07-2020,10.73622607,9.13591921,10.69500335,10.32544451,11.26750006,25708543
02-07-2020,10.96465335,10.45663872,10.63888627,9.95252265,10.86306925,6646802
03-07-2020,9.026670809,10.32730689,9.718524226,9.970972821,11.25490533,20542656
04-07-2020,10.28338591,9.771731517,9.156857815,10.58031652,8.957974284,6403585
05-07-2020,10.51420995,10.47679513,11.10849453,9.192439981,9.501867117,3391429
06-07-2020,10.71170625,9.230372706,8.98732811,9.754406981,9.102722546,10752516
07-07-2020,9.816545875,11.43575069,10.35056405,10.22889577,9.919514247,3919844
08-07-2020,9.588863976,9.95999418,10.26232499,9.202277504,9.758286134,3556000
09-07-2020,11.24261667,9.169187938,9.319560916,10.15582551,8.960841633,8971889
10-07-2020,11.30543521,11.02820975,9.688259788,10.39442291,9.737065625,11948130
11-07-2020,10.50164138,11.24030634,11.05161771,9.744759254,9.440662548,6920942
12-07-2020,10.05914086,10.22785081,9.536908481,9.345071316,10.43283131,28635546
13-07-2020,9.794869393,9.539072104,10.95109923,8.985473083,11.39089528,38636648
14-07-2020,9.55349043,10.73848013,9.988797896,10.01819211,9.125271606,12397480
15-07-2020,9.367441302,10.49802998,9.402126014,10.57993127,10.95047887,28405182
16-07-2020,10.81487354,9.267514536,8.912890624,10.23775697,10.00982193,15583499
17-07-2020,10.11410357,10.50058672,10.43781062,10.07502104,8.955067156,41337733
18-07-2020,10.7668176,11.46768499,9.90869567,9.911523852,9.75596646,29094084
19-07-2020,10.36814081,10.65931994,10.38516613,9.780937755,10.31596828,12373103
20-07-2020,9.174976058,9.920819177,9.50902944,10.55438096,10.45807648,36481010
21-07-2020,9.137269014,9.067026116,8.85423381,9.153776504,11.22548221,22867646
22-07-2020,9.701982908,10.60928956,10.08536176,11.01028554,8.921110216,18579522
23-07-2020,10.3985044,10.90051732,9.582344428,9.361321117,10.38567971,13217794
24-07-2020,10.43831574,9.368123089,10.44994276,10.09800641,10.44068017,24373054
25-07-2020,9.686468045,10.38031506,9.222053843,10.94615391,10.97144797,15659779
26-07-2020,10.43083975,9.866789036,11.12089261,9.322652772,10.56815879,5952578
27-07-2020,10.12194671,9.144190093,10.26082097,9.601528312,10.26374063,26869684
28-07-2020,9.164754723,9.227865199,11.2277876,9.497781681,8.874584342,20180885
29-07-2020,10.98921684,9.952350366,8.991870362,9.475256747,10.71528032,4117766
30-07-2020,10.5260957,10.50606907,8.986174659,10.61985382,9.404791265,14555146
31-07-2020,10.87378004,9.115038003,9.190603692,8.971798281,9.284660613,14270617
01-08-2020,9.50781138,10.30957294,10.31035283,9.878520668,10.88649844,10340251
02-08-2020,10.89373723,11.0846139,8.850621656,10.51942686,10.94078227,29522473
03-08-2020,10.84697654,9.894913439,10.88443424,9.292252189,9.083510992,29257803
04-08-2020,10.88974209,10.55945769,9.57869807,9.98770713,11.31152737,23572221
05-08-2020,9.345940399,10.83794557,9.587593415,9.15210771,9.702270246,6936521
06-08-2020,10.94265135,10.13278738,9.582520077,9.24968169,10.75185557,29400324
07-08-2020,10.25931179,9.435833541,9.082524538,8.972450735,10.82257021,33664073
08-08-2020,9.308891043,10.29952355,10.1527772,11.21971235,9.461894617,32903916
09-08-2020,10.58335718,11.10476658,9.077318623,11.24866396,10.49148072,19987605
10-08-2020,10.73396811,9.782304779,11.08601782,11.29891811,9.245760255,12074413
11-08-2020,9.805182802,9.551089137,10.26173259,10.35417774,10.71074133,15878816
12-08-2020,10.90481747,9.820741374,9.655988568,9.496332477,10.48211704,40881858
13-08-2020,9.569532434,11.34953532,10.10367625,9.010854936,10.1675657,39408424
14-08-2020,10.98802899,9.931686012,9.577973993,10.04436696,9.099413828,34982229
15-08-2020,9.481841352,9.805010942,10.78594025,9.944609983,10.12716805,12054501
16-08-2020,11.04342251,9.754200855,9.048257002,11.20770408,11.22845335,7332477
17-08-2020,10.92545796,10.46717488,10.07409849,11.14731378,9.922489522,12083639
18-08-2020,9.891777182,10.99094482,10.16929614,11.36419519,9.115526806,5424691
19-08-2020,9.253188569,10.80230641,8.918010895,10.71868193,11.16264106,30249481
20-08-2020,10.42532565,11.2259879,9.939267221,10.71657876,10.01908415,16465254
21-08-2020,9.694704451,9.878939018,10.70242394,10.55226617,11.11281226,41007134
22-08-2020,9.986876364,10.01853396,11.09627929,9.550781769,10.62763585,35544637
23-08-2020,9.148250029,9.231961745,9.255872488,11.23797133,11.35480623,27406269
24-08-2020,10.56268327,10.35338498,10.86632138,10.41376091,9.184056155,24655379
25-08-2020,9.749150156,9.438045812,11.14806536,10.29167631,10.97765447,34169066
26-08-2020,9.665177678,9.15113141,10.66201434,9.318554578,9.706908793,10477851
27-08-2020,11.22773024,11.39908546,8.953874462,9.921872199,11.39643991,8611976
28-08-2020,9.766239403,10.07396137,11.00349641,9.457113734,10.37608266,14068544
29-08-2020,10.2121775,9.572107819,10.23757322,9.493582186,9.054959169,39179886
30-08-2020,9.768944829,10.57237959,10.93063993,9.074283075,9.993297888,35178445
31-08-2020,9.216997969,9.644235905,9.986173015,9.757634963,10.45229132,15678134
01-09-2020,11.07314097,10.00262635,9.549083343,9.950898519,11.18867763,35405018
02-09-2020,9.00993231,10.49589972,9.721169793,8.986552478,11.11407873,40089120
03-09-2020,10.10421623,11.24051392,9.485747782,9.893634154,10.41275827,29491495
04-09-2020,10.76315736,11.00863637,8.983233733,10.78796936,9.261537254,16943160
05-09-2020,9.812959383,10.53676822,8.907377012,10.93138574,9.854139081,26755164
06-09-2020,9.864865762,9.590309333,10.74041993,10.75383275,9.487941074,25845367
07-09-2020,10.81497452,11.34975714,11.15702075,9.701878983,9.201382328,9026209
08-09-2020,11.25828607,9.06196121,10.59059227,9.508422119,10.99789864,31383477
09-09-2020,10.46663816,9.738356307,9.973200269,10.14925785,9.323775685,30879153
10-09-2020,10.51150377,11.4812759,10.1769089,10.63616222,9.275490594,20789747
11-09-2020,10.85429259,10.61339598,11.02232973,9.774603018,8.906218011,24965711
12-09-2020,10.0919931,9.195893204,8.931954566,10.32965934,10.05929147,15610597
13-09-2020,9.831887889,10.71461667,8.911476691,10.46243002,9.694273587,21539412
14-09-2020,10.98414561,9.982308837,11.1998102,9.545496558,11.1833844,26688184
15-09-2020,10.82691371,10.45892882,10.83729804,9.725549862,9.699240452,40024665
16-09-2020,10.60750291,11.53791499,10.82166188,10.54353119,11.10522366,6572984
17-09-2020,11.24474289,11.4067578,10.85593166,10.57822218,9.069910692,27466911
18-09-2020,11.30943977,10.06359942,9.569474846,9.023630329,11.14141863,26197132
19-09-2020,9.195189781,10.70338812,8.898215194,11.21167973,10.68458495,33764380
20-09-2020,9.840281393,11.273922,10.48495052,9.304083565,10.6846986,14201802
21-09-2020,11.16962682,9.59531947,9.925109809,9.571246101,9.089004733,31540666
22-09-2020,11.09381632,9.199084061,9.565306994,10.37776052,11.38125229,20042514
23-09-2020,9.361062083,10.31909358,9.790165216,11.25226273,10.78546874,24080104
24-09-2020,11.12939481,9.975032011,9.648667748,11.16587107,10.55046387,18807076
25-09-2020,9.182518022,11.02330174,9.164310364,8.999933224,11.18051924,37593113
26-09-2020,10.31547558,9.484373136,10.15475209,10.22627465,10.92082852,39498504
27-09-2020,9.503635391,11.11469861,10.75072263,10.4821222,11.23646719,3510383
28-09-2020,9.209835811,10.86189466,8.999780464,10.04622714,10.36801122,30118436
29-09-2020,11.17208057,9.14743463,11.14895052,9.796794938,10.37659678,31760897
30-09-2020,10.24098285,9.117379363,9.318735583,9.030732651,8.854618192,25830602
01-10-2020,9.863791533,10.23238944,9.50239077,9.236844281,10.47733798,6315671
02-10-2020,10.43729037,10.00046258,10.74901506,10.70552415,9.760097507,15815795
03-10-2020,10.4863935,9.394530503,9.796792159,11.32785205,9.45821405,5607668
04-10-2020,10.90756005,10.69185629,10.05199484,9.730456125,9.758783266,14298192
05-10-2020,9.259005827,9.732096586,10.46706034,9.680015871,9.509114284,29474771
06-10-2020,9.73223195,10.17474754,9.450051282,10.36656461,10.60437759,21472493
07-10-2020,10.42416011,9.875459831,10.10479097,10.18281124,11.25184838,9081931
08-10-2020,9.29505762,11.40780899,11.13329421,10.10662235,9.137669413,24791832
09-10-2020,10.10571061,9.584136499,9.517703994,9.221538261,9.584966229,26810038
10-10-2020,9.471717053,9.902811352,11.11053757,9.440876754,10.17539781,16706059
11-10-2020,10.50344816,10.16469312,10.7199932,10.86744784,10.2162695,22419325
12-10-2020,10.45574191,10.18809878,10.46589797,9.651875064,10.18915845,4228518
13-10-2020,9.971173606,10.61634585,9.700461802,10.21040973,9.195578895,9208271
14-10-2020,10.07487676,10.17446477,9.13014856,9.484474628,9.276815514,12441726
15-10-2020,9.13580688,10.7144054,11.1111902,10.0678131,10.93569351,6289299
16-10-2020,9.606893369,11.52021194,10.71226424,9.771223416,9.73183585,20476657
17-10-2020,11.17244579,9.711864902,10.05917437,9.403410769,11.12004586,30154942
18-10-2020,9.745482662,9.564930734,9.833301253,10.22356623,10.16122018,5570044
19-10-2020,10.24268845,9.949819198,9.529812814,10.41471546,9.060798037,17479896
20-10-2020,9.704718657,10.30398855,11.0738484,10.37613203,9.07220952,10803253
21-10-2020,10.0335515,9.834555048,9.588542667,9.760823465,10.99710462,31655201
22-10-2020,10.13374393,9.9145822,9.687309412,9.927798388,9.640961626,11790998
23-10-2020,9.669513696,11.52439775,11.13504431,9.807048684,9.476356503,3986995
24-10-2020,10.24457702,10.85012048,10.96728881,10.66210758,9.660828464,4445532
25-10-2020,9.534906566,10.57009403,9.377351243,10.34922502,11.0476472,8597109
26-10-2020,11.31385644,10.16650376,10.57605621,10.33076485,8.908291545,13440579
27-10-2020,9.595672513,11.16540024,10.32215398,11.39701783,10.33092907,9413832
28-10-2020,10.33345526,11.51185204,10.54074754,9.805024123,8.8659975,39874248
29-10-2020,11.12225671,11.06992159,9.784288083,10.21354791,9.918232085,5750593
30-10-2020,9.196363779,11.02543763,9.791578805,9.681131178,9.039046743,36573577
31-10-2020,10.37954508,10.49405265,10.88599987,11.14944054,9.342693257,11611332
01-11-2020,10.35274319,11.2741822,9.604300608,9.82295697,9.410308425,25704934
02-11-2020,10.31363043,9.152351235,9.197948314,10.39792301,11.16925854,12571544
03-11-2020,11.3326691,11.39918238,9.912379218,9.369945899,9.12874349,5908277
04-11-2020,9.588387892,11.21409807,8.921979781,11.34385981,10.59889466,10217910
05-11-2020,10.88842869,11.2927263,10.19077058,9.01073942,9.189928902,39640610
06-11-2020,9.375270537,9.693861959,9.374719754,9.015058944,10.49021167,31091831
07-11-2020,10.74718121,11.10199018,11.11700793,10.84600585,10.89074437,4516749
08-11-2020,10.53865296,11.24287729,9.533787166,9.477772805,11.14140303,12923553
09-11-2020,9.928839387,9.452764084,9.310284904,10.07779521,9.248418956,35956733
10-11-2020,11.1166453,9.95088733,9.026361445,10.05968224,9.347004889,10169848
11-11-2020,9.967155188,10.77884058,9.82541882,10.28024691,9.867206018,23385026
12-11-2020,11.07044585,10.48579011,11.2389324,9.634515774,10.15392001,15626663
13-11-2020,9.496994639,10.80326105,9.767772034,9.485636432,11.19871057,31459606
14-11-2020,9.207257097,11.33968091,9.891230655,9.332462735,11.12746247,11277581
15-11-2020,10.60577157,9.303244697,10.17924487,10.90423076,10.29202799,12160128
16-11-2020,9.036408378,11.51141918,9.392077368,11.09921049,9.581690461,11146369
17-11-2020,9.377461088,11.27211725,10.40276585,9.88657867,9.938081996,29069132
18-11-2020,10.32473667,11.02718831,10.40249783,11.14986219,9.847149279,7284331
19-11-2020,10.05450879,9.488538841,11.18005859,9.567298021,10.65763616,33759451
20-11-2020,9.822698431,9.460157083,8.935111076,10.97417857,10.84814008,15874734
21-11-2020,9.262296694,9.967733768,10.0991066,9.002352632,10.4863951,14919243
22-11-2020,10.68839808,9.200707603,9.789654379,9.067147674,9.233511204,19946334
23-11-2020,9.079638916,10.22825715,10.04741615,9.009514418,8.82698501,20094942
24-11-2020,9.956427563,11.13753101,10.65852453,9.548428505,10.37857796,27106838
25-11-2020,10.9922231,10.50332847,11.18133784,11.37089078,10.24950608,19363950
26-11-2020,9.3675979,9.915124685,10.95026362,11.28687743,10.67563735,25847476
27-11-2020,10.56417152,11.18764212,9.567943,9.858444,10.07704592,5636591
28-11-2020,11.2844721,11.31577422,10.2814811,9.612269898,9.838183407,36924021
29-11-2020,11.22287313,10.46389169,9.799530304,10.3507111,9.736750281,11912352
30-11-2020,9.902641511,11.33826637,10.41570247,9.646811044,9.782095025,6338596
01-12-2020,9.991967335,9.279911145,10.80753153,10.01011583,9.847101465,20789086
02-12-2020,9.558518338,11.24844671,11.12986163,10.38818463,9.743604764,33948170
03-12-2020,10.12785679,10.74378476,9.115110857,10.42199868,10.63732928,5783890
04-12-2020,10.11314928,10.16738306,8.942216874,8.972426861,11.205754,27501409
05-12-2020,10.5579107,10.34868532,10.47012448,10.23335522,10.84702786,14475682
06-12-2020,10.32550608,11.32511954,9.616323049,11.17075581,10.60766066,20837146
07-12-2020,9.420066495,10.88886425,8.89849028,10.34890134,8.937269258,20250770
08-12-2020,10.17443542,9.562960114,9.053249881,9.800526833,9.32429566,18427937
09-12-2020,10.92624703,11.41377201,9.026775288,9.525646467,11.2060443,28658779
10-12-2020,11.2904951,10.67725669,9.63488381,9.199596512,9.467438728,26482078
11-12-2020,11.15889019,10.2036381,11.01571547,10.41084666,11.08754838,38047588
12-12-2020,10.71623475,9.788775825,9.928028569,9.325280724,9.806720342,39725278
13-12-2020,10.01750933,10.23543144,10.3764601,9.396628268,8.889682629,6623422
14-12-2020,11.28493855,9.675663942,9.37962099,10.86054841,11.35499294,8831983
15-12-2020,10.79310418,10.08098593,10.66403709,9.586686959,10.75564568,12685160
16-12-2020,9.708229124,9.436954474,10.31749577,10.92390382,8.970041042,38999607
17-12-2020,10.88829453,9.388140076,10.55343357,11.0665193,10.8719053,20404226
18-12-2020,9.679527779,10.9817758,10.29954446,10.61176751,9.754295079,14136575
19-12-2020,9.092370785,9.072588759,9.154165189,11.27244854,9.7731981,15213940
20-12-2020,9.247493131,11.23336102,10.36074808,10.39625006,9.43095748,19611437
21-12-2020,9.403972128,10.52412493,9.320534593,10.75487746,10.28182911,32300163
22-12-2020,11.33881492,9.906919436,9.299605629,9.063780835,10.97647087,20926207
23-12-2020,9.792564321,11.1372995,10.09789628,10.64637931,10.73909496,12891435
24-12-2020,10.07955156,9.395707019,10.0039203,10.78514284,10.83866819,18014051
25-12-2020,10.85668576,10.59044537,8.923969737,9.375766281,8.878311579,34331887
26-12-2020,10.52772004,10.81709605,9.99044111,11.39812112,8.893229957,28784349
27-12-2020,9.202357918,9.492636834,10.59657428,9.307620573,9.546970747,33712455
28-12-2020,10.21920018,9.179761964,9.56184691,9.773613168,9.73664919,12086100
29-12-2020,9.352299758,11.27136959,10.63811656,9.856969784,10.03966481,36359979
30-12-2020,10.02297548,11.41493454,9.784876898,11.06228561,9.217158751,18565864
31-12-2020,9.610123668,9.416777866,10.94507132,10.60391402,10.76334282,30785382
01-01-2021,10.41320343,9.989749587,9.675693735,8.970814988,11.38110946,3243171
02-01-2021,10.65702675,10.4589441,10.38070551,9.406074842,10.08457082,28106245
03-01-2021,9.022751826,10.01228386,10.98741067,9.535895056,10.38028878,19378320
04-01-2021,11.17459445,9.859966937,9.291501339,9.011823699,10.22192807,35276879
05-01-2021,11.31243428,10.72683243,8.877934396,10.56305341,9.8662632,34447639
06-01-2021,10.56999262,9.596796146,11.23571715,10.06601201,9.728257,40907998
07-01-2021,9.335229592,9.989963177,10.45389192,10.09981571,9.67635301,5666657
08-01-2021,9.759613452,9.43603226,10.31346254,10.67852973,9.721078539,10668801
09-01-2021,9.273461832,10.73311112,9.692866675,10.79804198,11.0192454,11670223
10-01-2021,9.073679605,9.986630349,10.94293932,10.96484049,9.909808861,33550748
11-01-2021,9.418413122,10.13369436,10.89506986,9.791858619,9.896051345,37169960
12-01-2021,9.243194175,10.37241504,10.68882579,10.72828307,9.006458912,37507528
13-01-2021,11.0838431,11.07364479,9.293597561,11.17292373,10.43768417,26439118
14-01-2021,10.74908003,9.56851575,8.926464958,9.532724954,9.929815885,8706109
15-01-2021,10.12066058,11.20781956,10.31006554,11.31097992,11.35358368,31980148
16-01-2021,9.256900402,10.6743851,9.3132741,10.52350146,9.674817331,14437162
17-01-2021,9.000630636,9.343954996,8.982838193,9.429141613,9.414719602,16580194
18-01-2021,9.893289262,9.101666523,10.64496639,9.022303976,10.56016048,25618228
19-01-2021,10.61263104,10.32586599,10.63390225,9.029883621,9.024101576,5358054
20-01-2021,9.585559379,11.21234967,9.417241705,9.283213413,10.38378293,7098252
21-01-2021,11.0311287,9.251202736,10.01559509,10.43950029,10.48681379,8074036
22-01-2021,10.68583104,9.799981492,9.740340839,9.782398827,11.19388247,34955826
23-01-2021,9.665296034,9.199416465,9.534391068,10.79285038,9.59842415,8053629
24-01-2021,10.50625016,10.13589474,9.769087526,11.14380834,8.852223446,16594985
25-01-2021,10.83108613,9.438630675,10.71069842,9.818114682,9.446124475,9628135
26-01-2021,10.00901963,9.889203877,9.624801158,9.133728612,11.24468865,34434786
27-01-2021,11.29672189,9.351483916,10.95291848,10.24163267,9.21556389,31186478
28-01-2021,10.4128703,9.267048005,9.522738008,9.425675382,9.819838186,30072117
29-01-2021,9.000620058,10.23941289,10.0813128,9.078640965,10.21498835,9596243
30-01-2021,10.65482723,10.66449317,9.491670386,10.96850836,8.831301926,27100846
31-01-2021,9.430417014,9.822569681,10.37810782,10.89262641,9.192919306,11514879
01-02-2021,9.007217452,10.50348776,9.389549333,9.170185886,10.79894097,31497097
02-02-2021,9.841844338,10.65995694,10.97134197,10.03038791,9.698284855,40586567
03-02-2021,9.998965093,10.25377712,10.33821707,11.32094067,8.893856728,16828195
04-02-2021,11.16504988,9.503139477,9.858235989,9.601371027,8.839300896,10782456
05-02-2021,10.07951031,9.516253655,9.488814355,10.53991109,10.11386821,25449143
06-02-2021,11.03311524,10.09019462,9.028334114,9.289203904,11.38702255,10629387
07-02-2021,10.13385891,11.49045779,10.75103571,9.197263727,10.59538187,29090921
08-02-2021,10.11121314,11.18669668,10.69737631,11.22549263,9.063823393,15889045
09-02-2021,8.991664617,9.922022223,8.965013828,10.59901099,9.30320553,36313981
10-02-2021,10.1689918,11.30468035,11.26166624,10.29940932,9.905200825,14070954
11-02-2021,10.59308663,10.30954339,9.026792629,10.19734715,9.895490818,31692963
12-02-2021,9.157705654,11.21842365,10.56008122,9.942091788,10.49728546,18496698
13-02-2021,10.86606851,10.87603151,10.0769916,9.512393527,10.37493419,13976200
14-02-2021,11.03195129,10.18858801,9.002859849,10.09243411,10.7311028,39803647
15-02-2021,10.69208208,9.298768404,10.40542347,9.907930789,10.71298185,7021376
16-02-2021,10.35717872,9.607007775,8.880014616,10.41298147,11.30374092,31964368
17-02-2021,10.29825873,10.22918749,10.98501949,9.559763103,9.381386771,36703283
18-02-2021,10.64642679,11.03768243,9.661339924,9.82958595,10.04815819,15368643
19-02-2021,9.439818022,10.82157013,10.56117104,9.403890272,11.16848646,19685005
20-02-2021,10.64443735,10.78217668,8.972896214,9.405149596,11.17371473,18437385
21-02-2021,10.23048326,11.19626082,10.99912445,9.869182641,9.293673798,39307379
22-02-2021,9.390248142,10.78915618,10.06586706,11.00585048,9.872727834,15540020
23-02-2021,11.27883605,9.804715427,10.94295346,9.94535829,10.83542754,24498514
24-02-2021,9.979247604,10.16321858,9.09467271,9.428033655,8.853589555,29513292
25-02-2021,10.72350101,9.483446627,10.9342324,9.89590269,10.77502103,15181717
26-02-2021,10.85578274,10.00313929,9.569570618,11.0524469,9.572276992,40410576
27-02-2021,9.058601838,9.191570784,9.156269484,9.191673705,8.917593151,20728156
28-02-2021,10.21620356,10.94809583,9.301430183,10.62401148,9.107363712,12789740
01-03-2021,9.238812747,9.217641589,8.96449744,9.81144455,9.394873421,33612937
02-03-2021,9.760975399,10.53520879,9.484769949,10.85212244,9.648507024,36025097
03-03-2021,9.277266969,10.54469941,9.108192303,9.103496937,9.907940245,13198052
04-03-2021,9.026387238,10.68609376,8.958611198,10.55442385,9.613219055,26281377
05-03-2021,10.45932118,9.310168145,8.87635007,11.01932894,9.008656572,28726539
06-03-2021,10.47351161,9.885487433,10.09573751,9.019222302,9.717089599,23488676
07-03-2021,10.73922057,9.451373051,10.72581308,11.04028589,9.835811055,9714481
08-03-2021,9.016020232,9.422367978,9.436446248,10.57577488,10.00203788,7903826
09-03-2021,9.738056741,11.21104135,9.995445378,10.74414355,8.908945401,35944062
10-03-2021,10.49625157,9.172150296,9.929183508,10.79169003,10.4467737,3165656
11-03-2021,10.00929881,10.08406071,9.565437771,11.09221936,9.631846387,10160130
12-03-2021,11.03349545,10.62369587,11.18434122,11.11802455,9.703794432,19013323
13-03-2021,9.828902803,11.20130244,10.90531326,9.420177398,10.99432995,5283554
14-03-2021,10.2540368,9.312741992,11.1226541,9.072505927,10.9289411,38691669
15-03-2021,9.327893007,9.30094195,10.14560062,11.02847063,9.593461975,18065882
16-03-2021,9.513050947,10.99184522,11.06820306,10.82996551,10.03817811,33172015
17-03-2021,10.59915853,10.70590468,8.854357264,9.864407461,9.123632837,14710660
18-03-2021,11.00465306,11.43217972,9.141587964,9.050771339,10.12344722,24998948
19-03-2021,9.087713539,10.03588383,9.482282835,9.646050249,8.81900089,7849823
20-03-2021,9.516028145,9.84135405,8.986172572,10.79736229,9.437785457,34709453
21-03-2021,9.692709745,10.96258975,10.35796888,9.143874013,9.389935344,31633895
22-03-2021,10.59192454,9.135204105,10.15409296,9.02181715,10.92993775,11098235
23-03-2021,9.334996846,11.34806591,9.209159499,10.40682252,9.519204578,40210869
24-03-2021,8.996980058,9.106935323,9.241768285,9.919983872,8.813733611,28565636
25-03-2021,9.277641369,9.921274523,9.631083276,10.47357623,9.327179022,16990356
26-03-2021,9.334380185,9.736545316,10.96315978,11.36661,10.3579971,3530038
27-03-2021,10.06673455,10.02760278,9.767228493,9.133398241,9.00163951,20140648
28-03-2021,10.180375,9.314595877,10.69221767,10.382795,11.36062127,18082804
29-03-2021,9.029498456,11.37714538,9.906129109,10.63650749,10.24213215,28613233
30-03-2021,10.2940072,10.73160168,9.23233231,9.166469682,11.26544322,31771485
31-03-2021,9.391267614,9.875313628,9.122652463,9.499888686,9.368835783,6171890
01-04-2021,10.95468303,10.68603125,8.993429116,9.137785947,10.34571138,24183218
02-04-2021,11.31994177,11.0623748,11.16861402,9.13661759,10.73888851,19098296
03-04-2021,11.11898959,11.33455524,9.936970287,10.25038608,10.95613582,5949578
04-04-2021,11.23568383,9.795549237,9.971616484,9.665210824,10.59987094,16382792
05-04-2021,11.30632722,10.95658468,9.489335387,10.77262184,11.22813637,35008208
06-04-2021,9.847532919,10.91139788,9.126325307,11.15509523,8.97984694,29789259
07-04-2021,9.883306115,9.08245737,9.82425934,10.53232476,10.70398423,9503155
08-04-2021,10.35024403,10.76568916,10.02178364,10.57293866,9.242110125,9303357
09-04-2021,10.0446174,9.12984164,11.13065023,9.606618976,9.254120985,22434398
10-04-2021,10.74542374,10.20131496,10.67805468,11.27417181,11.16204903,20335278
11-04-2021,10.54013204,9.373355594,10.59033243,9.615140804,9.050946391,33586843
12-04-2021,9.079369095,9.781772535,9.737482785,10.4081418,9.189003154,36900188
13-04-2021,10.69035831,11.35403764,9.537868834,10.46972304,10.29098786,34248289
14-04-2021,9.304222885,10.31066837,10.8691461,10.51573415,9.298185855,22328187
15-04-2021,10.31238215,11.28682479,11.18491109,10.6617239,10.10683751,25956843
16-04-2021,9.805278204,11.34661191,8.970126316,9.103855682,9.650396293,22670596
17-04-2021,9.435103114,11.22992958,9.882475082,10.22870533,9.27151636,34607550
18-04-2021,9.611928874,10.07990499,9.076974684,9.970132649,9.624792337,32659491
19-04-2021,10.58238739,10.8567304,10.34520727,10.21245333,9.441850344,19197366
20-04-2021,10.72488937,10.6731257,10.00181327,9.142072203,10.26997277,35999423
21-04-2021,10.14187073,9.40885079,10.99315245,10.08163459,10.33681226,40091823
22-04-2021,10.77039324,9.756557244,10.58613189,9.357361467,10.82850203,11042416
23-04-2021,10.21793421,9.492916397,10.25208035,9.262731902,10.99017144,15080931
24-04-2021,10.5987717,10.9153931,10.01532091,10.18334159,9.973853831,19907419
25-04-2021,9.961440869,9.480627397,10.32337031,10.37712329,9.537857165,26459815
26-04-2021,10.13264893,9.179499431,8.873135991,10.27837034,9.559692884,32982858
27-04-2021,9.073826787,11.35577178,10.4788451,9.975354196,11.12878753,36509788
28-04-2021,11.31408088,9.360157625,9.977756832,9.959000812,9.170705086,19447974
29-04-2021,10.87707459,9.655069457,11.03720084,9.663268932,11.23744149,27464523
30-04-2021,9.430986504,10.42192134,9.05285769,11.345938,10.73933786,6643339
01-05-2021,10.58213811,11.17483265,9.37598063,9.638849651,11.2932659,18215519
02-05-2021,10.13648279,9.715750169,9.829428395,10.19984994,9.365025133,11019686
03-05-2021,10.61896099,10.52405264,9.712591672,10.19256146,9.598269815,16092704
04-05-2021,9.847136108,10.36517993,9.248304193,10.12837767,8.923051411,35247407
05-05-2021,9.591869669,9.85853352,10.54114925,10.00064448,9.208980216,33576739
06-05-2021,9.264685329,9.095701475,9.535063964,9.976163022,9.216759477,30329314
07-05-2021,10.26690229,9.780628074,9.21588189,9.07012348,10.66917274,23048402
08-05-2021,9.52253053,9.248105632,11.2085147,10.36567143,10.66158651,18282206
09-05-2021,10.62862472,11.00957033,9.025204058,10.35376997,10.27229664,11374471
10-05-2021,9.222659342,10.00410174,9.386909929,9.685853373,10.48267441,36595218
11-05-2021,10.52872357,9.901234449,8.961155392,11.15570231,9.000516983,16736781
12-05-2021,9.713398477,10.43017445,11.16650738,9.274935918,11.05099532,12455243
13-05-2021,10.65906334,9.28377268,10.6876903,10.7385691,9.488189674,10511825
14-05-2021,9.561846449,10.37879623,9.461439842,10.34837905,10.2852101,27698774
15-05-2021,10.92804245,10.77568836,9.161242327,10.96359792,9.230627604,8374624
16-05-2021,9.253702798,11.49407978,9.042698759,9.198053774,10.77020382,38033711
17-05-2021,10.97392907,10.09060198,9.664618197,9.598345277,10.95121678,36273941
18-05-2021,9.139789411,11.09808816,10.56202838,9.658496723,10.17544928,19845368
19-05-2021,9.66094028,9.517578383,9.717809418,9.414942736,10.41712854,29943164
20-05-2021,11.02812506,10.95033667,10.26243996,9.930333433,9.976275817,25298205
21-05-2021,10.79532969,9.067889236,8.877741648,11.36070169,10.53063468,40565487
22-05-2021,9.773764013,10.14871483,10.61234753,10.89497349,8.797222606,19174212
23-05-2021,10.71599158,11.53404918,11.19510378,10.06118038,10.9720269,5738317
24-05-2021,9.780602475,9.883389183,9.30473398,9.423857318,10.62870541,7201276
25-05-2021,10.77997148,9.999151151,8.991834659,10.02232232,9.617465967,14991314
26-05-2021,9.567593052,10.99360055,10.67515939,9.870724471,9.261466266,22158649
27-05-2021,10.31852041,9.832344275,10.47457376,9.994731991,10.31348612,5329929
28-05-2021,9.80944632,9.743392597,10.86503114,9.727750698,11.08452468,13273235
29-05-2021,10.90167681,9.180084354,9.431614131,9.183921166,11.23572253,32622717
30-05-2021,11.3204053,9.646399007,9.978132892,11.05221836,9.163946584,16898734
31-05-2021,11.06909867,9.59527216,9.326320718,9.864459018,9.731969467,40424423
01-06-2021,10.12275271,11.02637229,9.505867611,9.259037627,9.65465219,27382080
02-06-2021,10.95367721,9.366664352,9.891069278,10.10273648,11.18615271,31854179
03-06-2021,10.91458707,9.765049057,9.999445506,9.225681159,9.326194525,26351322
04-06-2021,9.72752743,9.767176456,10.76172289,9.550705407,9.238830416,33078005
05-06-2021,10.41700898,10.55743302,10.09716353,8.978654292,11.37800841,23295680
06-06-2021,9.386931219,9.873068884,9.485386343,10.35754452,10.16570523,25147939
07-06-2021,10.84433251,10.80369275,10.16392353,9.4555655,10.0877416,23337346
08-06-2021,9.450464569,10.63564415,8.971091232,10.93877366,9.975232723,28850695
09-06-2021,9.235338642,10.53816238,10.52433831,10.40018813,10.7580839,32045608
10-06-2021,10.31813473,10.21235331,10.28547223,10.04105429,9.339641658,12606769
11-06-2021,10.49124478,10.81480416,9.425116695,9.886183481,9.105221415,18611146
12-06-2021,10.88837716,9.316964088,11.20397784,9.034878202,10.8329716,34913598
13-06-2021,9.114968683,9.889785367,10.53940233,9.884504652,10.41259924,37917522
14-06-2021,10.27808162,11.02820029,9.424447269,10.91214703,9.468590127,26623921
15-06-2021,10.51993468,9.607153181,8.901691732,10.08534807,10.51058027,34952198
16-06-2021,9.514455174,10.19788654,9.285292225,11.06596559,9.928957777,34982711
17-06-2021,9.679686912,10.85780626,9.290597931,10.31350678,10.89447385,38493976
18-06-2021,9.099466734,10.85870888,9.390372889,9.244751274,10.73738069,18349249
19-06-2021,10.15563482,10.74097442,9.151399344,9.016796179,11.22481524,34535282
20-06-2021,10.8587754,10.29019071,8.916269208,9.526876049,10.47793589,15245359
21-06-2021,10.41105364,9.355979516,10.2369303,10.82758156,10.5816635,21510248
22-06-2021,10.03121708,10.85672196,10.95399594,9.477845449,9.860702269,36438885
23-06-2021,10.13860852,9.14293679,10.9451862,9.643671569,9.383801337,15543973
24-06-2021,10.75703774,11.36839291,11.17585221,10.48194807,9.108252073,11490139
25-06-2021,10.61632965,11.09037234,9.404096483,9.518876648,10.82638974,30776688
26-06-2021,10.96829265,9.444017908,11.17092392,10.61864556,10.34945561,16843582
27-06-2021,10.73749041,9.74331287,10.81924132,10.22804863,11.34865435,9982691
28-06-2021,10.78885169,10.38316395,9.469252043,10.66537393,9.401182966,19372976
29-06-2021,9.994410298,9.086277214,9.034916227,10.56980485,10.9967327,40209991
30-06-2021,9.70314379,9.650279304,10.43644016,9.478568584,10.04707864,31060456
01-07-2021,9.656695323,11.45976096,9.401139328,10.42463619,10.26788447,5045666
02-07-2021,9.689721683,10.56898888,9.050966305,10.96599509,10.30898046,28767492
03-07-2021,9.536464713,10.60255719,10.33211208,10.98741298,9.746424098,38277945
04-07-2021,10.62257575,10.22164164,10.12025494,9.001310276,8.9956742,18225075
05-07-2021,9.280966768,9.441065129,10.19172723,11.2345407,10.55287494,32754717
06-07-2021,10.5350228,9.428543066,11.12245174,10.14274818,9.404219671,4980371
07-07-2021,11.33916261,9.482030351,9.411046127,10.23199422,10.77046805,33918167
08-07-2021,10.67509958,11.15090788,9.339981969,10.78558916,9.005661758,35792930
09-07-2021,9.703742161,11.2636279,9.45603405,9.838134963,9.202641735,30769470
10-07-2021,9.054538374,9.442911116,10.0264092,9.264653721,10.3151273,24357702
11-07-2021,10.04404187,9.920529542,9.091837649,10.39503337,9.254823968,21035282
12-07-2021,9.292241636,10.93294465,10.1469848,9.126480188,8.994747232,32965038
13-07-2021,10.9585286,10.95542405,10.27192626,10.49768246,8.803763086,37494309
14-07-2021,11.2217459,10.44610134,10.05936265,9.381819796,10.67791627,20370202
15-07-2021,9.109066897,11.17900334,9.482125931,9.31331637,9.25844008,20722270
16-07-2021,11.25591564,11.38358438,10.09243734,9.038876188,11.01840281,8530080
17-07-2021,9.05189986,11.33573148,9.739985766,10.26817625,11.00080445,19851785
18-07-2021,10.01833874,9.119233482,10.50347297,10.13786336,10.10917157,35428079
19-07-2021,9.601903983,9.846589305,10.4097887,9.65467404,9.038431333,4355978
20-07-2021,10.7690905,11.09312458,10.57733736,10.38936975,10.75732913,19654522
21-07-2021,9.287735814,11.47615372,9.301476025,10.41121883,8.8900926,36232741
22-07-2021,10.19355598,9.210543774,9.32268183,10.05065705,11.14481142,27573727
23-07-2021,10.73248226,9.166180429,10.55635252,9.573762196,10.68770318,21877648
24-07-2021,9.938776586,9.563787263,9.504719781,9.746178428,9.848325165,22819215
25-07-2021,9.279279486,9.122189194,10.14067586,9.337268903,10.69876163,4761073
26-07-2021,11.20303504,11.27060681,9.020354004,11.36522293,9.223204236,20051791
27-07-2021,10.39287601,10.88198333,9.099724545,10.15637071,10.07818342,39565508
28-07-2021,9.143489883,10.51602872,11.02547963,9.821248622,9.738456492,12318160
29-07-2021,9.907484373,11.23279198,10.57789675,10.81181683,11.04679253,33920623
30-07-2021,10.39125326,11.40571516,10.86651291,9.47470751,10.68164093,40269418
31-07-2021,10.90648759,11.17500732,8.886120135,10.10529877,9.969061945,38116794
01-08-2021,10.03635979,10.11914384,9.008858015,10.98292195,8.923527357,36781414
02-08-2021,11.00579787,11.36705739,10.49088793,10.11393886,9.252717399,4683371
03-08-2021,10.38356469,11.11005495,10.39022182,11.35930651,9.718109532,27334279
04-08-2021,10.75677334,9.21818056,9.657054702,9.291895374,10.34478846,19043789
05-08-2021,9.74686047,9.319850903,9.596769983,10.70943948,9.944018913,3351306
06-08-2021,10.20921839,9.374887601,10.53289899,9.396863834,9.581656626,38263140
07-08-2021,9.061946401,10.05236544,9.914160133,9.476827211,11.1360485,14770379
08-08-2021,9.590524804,10.98507802,10.04352796,10.28618479,9.403792523,39625745
09-08-2021,10.42544572,11.15952744,11.04170854,9.298989125,10.63600768,13499108
10-08-2021,11.02531546,9.95186024,10.05290076,9.210476322,9.889139339,35170407
11-08-2021,10.92052452,11.13624904,10.05980858,9.055051296,10.35296235,37510695
12-08-2021,9.949952486,10.3420663,10.27566768,10.34737121,9.682750082,11267025
13-08-2021,11.03751338,9.930206375,10.97829855,9.175601642,9.886863773,38986117
14-08-2021,10.44876376,11.29783609,10.01547171,9.147888616,9.479647512,20790452
15-08-2021,11.06793326,10.62818917,9.918116809,10.16407452,10.84942477,20039821
16-08-2021,10.25913972,10.93652371,9.021065283,10.51962926,9.418587736,27791682
17-08-2021,11.0617595,9.618728587,10.78696441,8.978157694,10.56592651,35202769
18-08-2021,9.305945015,10.39025326,10.3282361,9.030106955,11.27241061,40926038
19-08-2021,11.14797048,11.19061856,10.88628875,11.35595231,11.26659578,16548712
20-08-2021,10.21668354,10.4836775,9.655225595,9.994618217,10.47090497,37838935
21-08-2021,9.397565421,9.376295678,8.954528676,9.38909079,9.241654486,38883755
22-08-2021,9.064056248,10.06046006,10.32496534,9.770205052,11.33618963,25091442
23-08-2021,10.53167932,11.35806817,9.02827412,11.26866389,9.817932712,15771443
24-08-2021,11.02880464,9.665874,11.03127499,11.03434444,9.617787241,35661601
25-08-2021,10.87750085,9.058066745,9.05533177,9.694784205,9.140734157,28548575
26-08-2021,10.04679876,11.06316896,9.021502804,9.767203153,11.37022137,4575310
27-08-2021,9.308812858,9.373846732,11.17670379,11.20485702,10.5542696,17977916
28-08-2021,9.597167477,10.18756224,9.918305157,10.80666444,10.98935161,18508227
29-08-2021,10.18146853,10.53178043,10.99190986,11.12406168,11.11584776,37190694
30-08-2021,9.275171002,10.50691629,10.51455854,9.086914727,9.743990856,30078285
31-08-2021,9.831735042,10.42464673,9.151490018,9.324080207,9.669886353,17578559
01-09-2021,11.30334306,10.32630969,10.90424046,10.07892695,10.21040856,28110975
02-09-2021,10.46397723,11.18373567,11.22246568,11.13758139,9.900241024,32853714
03-09-2021,10.08916028,9.963828296,9.227600518,9.668095095,9.945767794,23856940
04-09-2021,9.245164289,11.02710423,10.79229185,10.97263309,10.68952476,5949815
05-09-2021,10.89189912,9.151983855,9.819879975,9.42226964,11.01205199,13936436
06-09-2021,9.639027802,9.494257411,9.042145433,10.87823565,10.6951265,9487895
07-09-2021,10.5931638,10.22786323,10.72607857,9.395232586,8.807039347,12554415
08-09-2021,9.363458147,10.90979242,11.08355486,9.702240453,10.64641165,10075395
09-09-2021,9.830259218,9.994581554,11.07210577,10.02923686,10.83727887,30986877
10-09-2021,9.189760443,10.41859385,11.24275092,10.49172031,11.0049242,14079534
11-09-2021,9.547406893,10.69349875,9.377625838,9.148043564,9.480429747,23110811
12-09-2021,11.26133116,9.300232806,9.263898803,10.12061227,9.070673598,9538703
13-09-2021,10.8303284,10.1797197,9.3396835,9.726277958,9.035676689,22266125
14-09-2021,9.196938994,10.38005677,10.06166907,10.90597854,10.68801354,30688329
15-09-2021,11.24532916,10.15665227,10.22855547,9.938192682,9.314414849,10776721
16-09-2021,9.634172962,9.972831719,9.406353475,11.25349102,10.25058841,29443051
17-09-2021,10.28979556,10.81810923,10.63487403,10.30015679,9.161107892,21898812
18-09-2021,11.28274017,9.735622593,9.76054939,9.878851838,9.285180277,23766384
19-09-2021,10.88777652,11.14552733,9.996161778,10.56087956,11.3612603,21081212
20-09-2021,10.55175225,10.11199369,10.12358394,10.82163737,10.77883051,17754135
21-09-2021,9.802398102,10.0999074,9.053500055,9.289414095,11.27858216,25324936
22-09-2021,9.399001533,9.097319242,9.094291706,9.432600585,11.30351364,33948011
23-09-2021,9.016825517,9.860986989,9.582816575,10.97660005,9.674671462,17636998
24-09-2021,9.307031854,9.947746453,9.18989565,11.22699458,9.767303884,12533278
25-09-2021,11.31123448,9.861572281,10.78302733,11.08270366,10.17098065,17157914
26-09-2021,9.399544124,9.755683161,10.01192613,10.82099199,10.84717792,19138568
27-09-2021,11.13796584,10.55238719,10.05356178,10.77542694,9.607253999,37907265
28-09-2021,10.29454843,11.46423547,10.78765456,9.397981527,9.161737896,6468826
29-09-2021,9.228856871,10.29373937,9.255911281,10.48828726,9.03361076,5843041
30-09-2021,10.91705472,9.240720102,10.34272712,10.66655357,9.789619852,14475085
01-10-2021,9.714711653,9.933500985,9.797550196,9.963305686,9.84541504,35416575
02-10-2021,10.07883904,9.584508739,10.10975309,9.929818473,9.957246537,34457459
03-10-2021,9.208262982,9.601428945,9.8211968,10.02233745,9.787209126,6014336
04-10-2021,10.42333449,9.922788744,10.68346027,10.5256443,9.316302714,11291194
05-10-2021,10.19088904,10.39548042,11.02315632,10.66080296,9.613819219,28070766
06-10-2021,10.04531779,11.03801392,10.8316734,9.013656899,8.840452762,32448848
07-10-2021,10.15612911,11.34874229,11.03615623,10.53247158,10.7805098,9206553
08-10-2021,9.730682455,9.506995717,9.043766587,10.41755363,9.856132193,8694453
09-10-2021,10.83892596,9.856422759,8.890136628,9.051569141,11.05059199,32093986
10-10-2021,10.0575993,9.153751096,9.947254889,9.175786929,10.30860155,31842448
11-10-2021,9.916992351,9.092819637,10.8905647,11.18716586,10.18593629,28747874
12-10-2021,11.17384741,9.750776741,9.874103509,11.23583908,9.745622575,20434644
13-10-2021,10.70961281,9.69415419,9.608235737,10.92805025,8.91931215,22718482
14-10-2021,10.77195093,9.882872776,9.543412196,9.602540863,11.08001415,16765759
15-10-2021,10.46133269,10.44838356,9.350302275,10.20066744,9.275929876,32954710
16-10-2021,10.17520658,11.3861344,10.09516857,11.13277542,10.48317613,10051439
17-10-2021,9.99113131,9.816230972,11.05532874,9.071951388,10.9658439,33206980
18-10-2021,9.898836354,11.21913182,9.006511993,9.842138605,9.504090909,8669004
19-10-2021,11.18834702,9.064700622,8.881121197,10.91639393,10.15649479,4388471
20-10-2021,9.428948647,10.10561079,9.483705777,10.21285299,8.848123876,38894216
21-10-2021,9.243196881,10.57930349,10.16030633,11.12120665,10.57531859,28279909
22-10-2021,10.60629337,10.54109078,10.10670029,10.29895918,10.1151974,10745182
23-10-2021,10.73500625,9.653832035,10.63188825,11.07041868,9.438249967,36780221
24-10-2021,10.92524473,11.2464422,10.97224807,9.730036047,10.94189316,13944954
25-10-2021,9.649456431,11.49238277,11.18571427,9.32985499,10.91507982,7171653
26-10-2021,10.11839036,9.106480061,11.20385714,10.09517229,11.21088307,35528041
27-10-2021,11.14697557,11.4612189,10.75078141,9.529597162,8.8298963,31418094
28-10-2021,10.31569735,10.27409148,9.996583132,10.73844638,9.40611737,18672178
29-10-2021,9.767324168,9.647564971,8.989642283,9.647322332,10.43811954,38894001
30-10-2021,9.020926237,11.55263456,9.428743098,10.64756375,9.540829736,18499041
31-10-2021,9.546797091,10.06754416,9.942323595,11.21118172,11.30753323,13296834
01-11-2021,9.767279364,10.31496777,10.49625509,10.23430102,10.29379508,34519231
02-11-2021,10.13577339,9.102796166,11.20892516,9.258804645,10.41339721,38198964
03-11-2021,10.66744565,10.26495872,10.15544709,10.712048,10.75190908,38220232
04-11-2021,9.998179465,10.86323612,9.563522981,10.27423713,11.27477285,5811001
05-11-2021,9.274835437,9.672004935,11.08953439,10.88419157,8.873883994,37901315
06-11-2021,10.93913842,10.73624599,9.12966308,9.700991487,11.13429139,39482038
07-11-2021,10.01157469,11.35240118,10.77102094,10.78361335,8.922202016,13557339
08-11-2021,10.59790275,11.3304687,10.56971499,10.96493708,9.86365019,37611703
09-11-2021,10.31990612,10.20184117,9.364539692,9.225322637,9.706099607,7104957
10-11-2021,10.48661911,10.77727085,11.12438759,11.3444992,11.01934117,7555834
11-11-2021,9.347880746,9.607250331,10.22431997,10.52703766,9.026667788,7046406
12-11-2021,9.636637608,9.453401919,9.431343815,9.854800325,10.44949373,29629983
13-11-2021,9.91097587,9.73374602,9.262930311,9.339780065,11.10789328,9322494
14-11-2021,10.22897894,9.903624548,10.34310061,9.00161983,10.33016915,16412249
15-11-2021,9.487503865,10.37017764,9.804141973,10.17951268,10.62272872,36377090
16-11-2021,9.503159228,11.35564723,10.34928522,9.808787187,9.918663551,19045481
17-11-2021,9.042365811,10.06437585,10.48883657,9.126919135,10.01336937,13520219
18-11-2021,9.783477705,10.62608516,11.20091978,9.645364208,9.28152738,26817561
19-11-2021,9.01750392,9.76513904,9.818066221,9.727014991,8.856370474,25524878
20-11-2021,10.39322553,10.80316981,9.083729539,9.115446116,9.455100156,24798969
21-11-2021,11.19002121,9.561941794,10.2672529,11.17966792,10.24385303,14323842
22-11-2021,9.437106957,9.146378368,10.83480608,10.50781621,9.682130537,40664964
23-11-2021,10.43169437,10.91651913,10.74246512,10.08567471,11.24263493,27822607
24-11-2021,11.04374335,10.69113261,10.03739533,9.596735311,9.735065098,6545330
25-11-2021,10.29864559,10.0514508,9.542655057,10.33814892,9.785560789,9395769
26-11-2021,10.46372879,10.13948821,10.8759003,9.300077881,10.8117839,35032080
27-11-2021,11.19512347,9.894862406,9.244776028,9.949077449,8.916342469,25793427
28-11-2021,11.06986558,10.11374767,11.05343268,10.43013418,9.131346503,16784553
29-11-2021,9.353587229,11.01644306,9.567009942,9.433486786,8.970656903,20715563
30-11-2021,10.29254149,11.21704853,9.94604277,9.329164842,10.50866431,5259509
01-12-2021,9.604246658,9.358074212,10.31753502,10.37028955,10.9528727,21576570
02-12-2021,9.961234842,10.04552987,10.96271729,9.4592609,10.64077938,28102736
03-12-2021,10.63408951,9.971610981,8.879252297,9.64070246,10.12579618,24144322
04-12-2021,10.51358077,11.36858531,10.979083,9.771614736,10.29027499,7258872
05-12-2021,8.999575548,10.75105635,9.607280466,11.00669995,9.725392724,8857402
06-12-2021,9.400028145,9.68122322,10.75970203,10.64775868,10.38574491,12048608
07-12-2021,9.365792272,9.92210232,9.057126956,10.95042641,11.26386615,38222333
08-12-2021,9.198074525,10.60661684,9.807288389,11.34949929,9.22061303,39007030
09-12-2021,9.306887846,10.67864592,10.14094402,10.61901951,9.824292667,32469191
10-12-2021,10.43226011,10.72721563,10.88192048,9.852268427,10.57580006,25781058
11-12-2021,9.188845016,9.189796282,11.19121851,9.665896167,11.332948,40512916
12-12-2021,10.31873604,9.187827464,10.71956382,10.2934329,9.520937819,9786064
13-12-2021,9.228635435,10.50669881,10.86281763,9.728865475,10.26896955,7642344
14-12-2021,9.60432822,10.0677191,11.25028717,9.51449723,9.058319974,14849544
15-12-2021,10.32098948,9.411237773,10.13314883,10.75808039,9.096526196,19587581
16-12-2021,9.570963081,9.767941732,11.12075575,9.025578084,11.28785999,13391623
17-12-2021,10.69958215,11.50927943,11.25434755,10.49519469,10.07361258,35408598
18-12-2021,9.300596987,11.44337138,11.06725618,11.37685678,9.907116702,19905013
19-12-2021,10.0853391,9.917707128,9.137651879,9.373211159,10.08561101,32183146
20-12-2021,10.68854433,9.886357509,10.9932877,10.13780033,9.48335652,26046686
21-12-2021,9.312290721,11.44580355,10.82103992,10.69112355,10.01148596,34348302
22-12-2021,9.293783096,10.55208115,9.295696532,9.499889513,9.839462902,4876808
23-12-2021,11.0835198,11.49094734,9.636664045,9.835261131,11.03065972,12917483
24-12-2021,11.28901767,10.10351379,10.66528723,11.18116449,10.94155701,39583430
25-12-2021,9.298478796,11.00043778,11.01156276,10.04198361,9.457789049,24920809
26-12-2021,10.21255397,9.187000705,10.76288529,10.77514933,9.198806602,6929705
27-12-2021,9.214944246,11.3235794,10.63700201,10.65797415,8.851332955,16498847
28-12-2021,10.00027687,10.10957266,10.26806584,10.9664379,10.6885676,19857387
29-12-2021,10.1005587,9.475829459,9.247243779,9.259944882,11.06199206,15484976
30-12-2021,11.07247516,9.476546602,10.70894016,10.13953654,9.552568202,13587819
31-12-2021,11.23984976,9.159110811,8.919442886,9.064193634,9.168730829,30916035
01-01-2022,11.19024983,11.22669308,10.14377512,9.766875164,9.56665276,32825161
02-01-2022,9.713395835,11.5026014,9.006020706,9.240360509,10.89482589,34713847
03-01-2022,10.92937932,10.43257154,9.689987788,10.60708771,10.93866229,20460729
04-01-2022,9.135059709,9.672806357,10.14519281,10.28104996,9.987255957,37869343
05-01-2022,10.58803597,10.08713889,10.33228087,10.68323188,10.43171644,5387700
06-01-2022,10.74588899,9.980912612,9.173133247,10.4966418,10.42309744,5453142
07-01-2022,11.22413825,10.34467712,10.80978753,10.55317466,10.72509262,34558779
08-01-2022,9.938860153,10.93996597,8.999031384,9.663971579,8.981798419,18500887
09-01-2022,9.124559951,10.19301719,9.958150759,9.229523064,9.395402811,12074197
10-01-2022,9.726114203,9.250712658,9.05188693,11.06895119,10.7213676,8611823
11-01-2022,11.19817685,10.75399113,10.83897243,9.68952293,9.450034611,12239235
12-01-2022,11.19827255,11.19497941,9.620120678,10.96627154,9.009146552,37719598
13-01-2022,10.76033997,10.28042705,9.087663846,9.014157295,10.21131701,5538087
14-01-2022,9.486206595,11.07116922,10.36119033,10.98929525,9.109806934,38814670
15-01-2022,10.31624885,10.04858976,9.307837217,10.39715924,8.899142071,7853475
16-01-2022,10.0247055,10.18087698,10.23994348,9.404822952,10.07898502,19767837
17-01-2022,9.916386703,10.84066082,10.9107581,10.04579972,9.188170208,3877221
18-01-2022,9.937909821,11.14684185,10.5216714,9.301081911,10.12938584,19545679
19-01-2022,11.24778034,10.34589117,11.16343813,9.142256752,11.1665051,4078395
20-01-2022,11.25101302,9.100953889,10.77141603,9.111319513,9.762897163,15166680
21-01-2022,10.14986814,9.248605164,10.19800461,9.600458086,10.72941789,39150042
22-01-2022,9.33754493,9.242710052,10.23642232,10.66604635,10.37718732,24983098
23-01-2022,9.02958835,11.242262,9.721646815,10.31741665,9.263021459,36952259
24-01-2022,10.89662573,9.985827497,10.37091457,11.37483707,10.68274489,17953243
25-01-2022,9.82811472,9.532091374,9.694492855,10.35614207,9.468932903,7961348
26-01-2022,9.925695584,11.13430435,9.479183593,10.31991758,9.511396006,14572669
27-01-2022,9.940878282,9.378456859,10.35254799,9.727624101,9.537444353,14204831
28-01-2022,9.079368412,10.94949694,10.11284204,11.05209339,10.49049972,25550951
29-01-2022,10.72316749,10.52586808,11.25739322,11.20745133,10.37357415,36119551
30-01-2022,9.626259397,10.53505761,9.271266908,9.994655381,9.303761713,10736098
31-01-2022,9.76584956,10.42785988,9.504971316,10.43755935,10.66752238,33413456
01-02-2022,10.77005348,9.345479453,9.313292338,9.41778931,10.00777107,13965869
02-02-2022,9.815458598,10.48006305,8.876766323,9.161013578,10.45139485,25117177
03-02-2022,10.99624771,11.19262385,9.810901364,8.984371776,8.95406638,39830568
04-02-2022,9.551734181,10.13701069,9.682162731,9.727128999,9.962178846,11932001
05-02-2022,9.070654157,10.51532014,10.88056945,9.867818442,10.27157032,24172509
06-02-2022,11.2478042,11.01233684,10.29078838,9.138273621,10.86980067,29534757
07-02-2022,9.010080072,9.612014317,10.97353219,10.70666545,10.16866932,37306383
08-02-2022,9.343288157,9.326903661,9.438804435,10.39547574,9.927070535,12769953
09-02-2022,9.045564502,10.75455124,10.58141366,11.10360588,9.571068758,27108211
10-02-2022,9.970442593,9.710372973,10.7215553,9.834400273,11.06625252,16086070
11-02-2022,10.49171741,10.7515263,10.57028004,9.146212188,9.191840207,13702698
12-02-2022,11.29748603,11.38040543,10.00813408,11.34534703,9.309358547,36414574
13-02-2022,10.74751248,9.562696598,9.673371246,10.37560892,10.42885981,10226798
14-02-2022,9.411811303,9.100368034,10.39427109,9.554579511,10.32924853,10349607
15-02-2022,10.42657715,11.00472304,10.11342198,10.77574702,8.810280547,28683738
16-02-2022,9.482337391,11.18097688,9.586298842,9.000253605,10.7660409,12364164
17-02-2022,11.10171011,9.329793443,10.39166284,9.154277407,10.54697917,5174098
18-02-2022,10.68016942,9.90539613,9.476124397,10.85464616,9.131610294,29415881
19-02-2022,10.83311971,11.48125458,10.66326842,9.342799732,10.23964528,30743198
20-02-2022,10.81105811,11.5442109,10.65165751,9.020634182,10.53444554,12707475
21-02-2022,10.8701892,11.07471379,10.53894567,10.27071966,10.29342239,15732899
22-02-2022,9.132241965,10.83896801,10.31698337,10.69913065,10.93817481,32621742
23-02-2022,10.33737499,9.39112618,10.078365,9.847375439,10.65107659,29464929
24-02-2022,11.01755949,9.774910975,9.849911814,10.64179595,9.896969425,16586176
25-02-2022,11.22621101,10.45737011,11.23973912,10.15086445,10.76349104,33915040
26-02-2022,10.86861966,11.2809714,9.560217184,9.696880183,9.967051208,4125211
27-02-2022,10.77370075,9.396390306,10.36332586,10.23877638,11.22898038,9071899
28-02-2022,10.06387008,9.080693738,10.65478039,10.99952663,10.47452435,5011537
01-03-2022,9.220465182,9.192171602,10.24904098,10.88070855,11.08835493,16342281
02-03-2022,10.68662983,10.3718366,9.032621207,10.28544328,11.19327327,6551193
03-03-2022,9.137536908,10.19582327,9.70544992,11.04784091,10.28423835,14636109
04-03-2022,9.865168439,9.100249168,9.984444845,9.293531601,10.71316147,3494678
05-03-2022,9.856191759,10.58185776,10.88899103,9.771044567,10.26483603,26360429
06-03-2022,10.50786274,11.10978151,9.067615018,9.271613681,11.34477308,38961237
07-03-2022,9.591939706,11.07922766,10.57259874,11.36810028,10.62173619,34979519
08-03-2022,10.81507024,10.80235939,11.12975531,11.33043064,10.40933171,10542641
09-03-2022,10.58028215,11.12079979,10.19550464,11.07191597,9.572976468,19711713
10-03-2022,10.71166884,10.38241602,10.5105226,10.61483857,10.51874969,22244355
11-03-2022,10.6069051,9.36462763,11.16387485,10.27534603,9.191898399,10013204
12-03-2022,9.573430905,9.407970824,9.419246595,10.33735756,9.264532908,10779150
13-03-2022,10.77780477,11.07882619,9.945926687,9.430557484,10.30667164,23618988
14-03-2022,9.12590026,11.03148996,9.813795522,9.2270417,11.17650175,17339474
15-03-2022,9.066347134,9.516311104,10.18078921,9.574014007,9.247045567,36189647
16-03-2022,9.032577539,11.38305847,9.789779947,10.46419165,9.677912356,24484443
17-03-2022,11.12876987,9.929553883,9.344744902,9.150636651,9.377201751,7333230
18-03-2022,9.171669469,9.064539352,10.64658442,9.750219375,10.8434533,3716927
19-03-2022,10.57910673,9.647558873,9.092267781,9.632836186,10.09461088,38093502
20-03-2022,11.11707571,9.966511208,10.85883215,10.58542501,8.881309761,39677812
21-03-2022,9.280411266,9.948512178,9.076022167,8.984268017,10.38616283,20881518
22-03-2022,10.55270039,10.13576064,9.758682928,9.438913993,10.60784185,7965618
23-03-2022,10.9495919,9.678674744,11.01973843,10.04175409,10.63460534,13922002
24-03-2022,10.25143639,9.455018875,10.48904501,9.079079274,8.978932358,12291947
25-03-2022,11.03693295,9.886717144,10.98152159,9.881480566,9.411453145,4555349
26-03-2022,10.60762288,10.87126737,9.81826262,11.33364695,10.14667993,31188383
27-03-2022,10.91946873,10.35799831,9.990643856,11.31755234,9.859633062,6362016
28-03-2022,10.71263999,9.197880944,11.22058508,10.17474679,10.93006511,24781853
29-03-2022,10.87705807,11.52331265,10.40977004,11.35421503,10.24648653,10095494
30-03-2022,9.27440362,11.28282056,9.354657502,9.07875392,10.60402924,36498135
31-03-2022,9.076855129,11.24483883,9.910439905,9.171534006,10.98925156,31541776
01-04-2022,9.563319443,10.38960647,11.20638661,9.85011303,9.329390565,20044804
02-04-2022,9.373438633,9.481403038,10.02855288,10.96396359,10.13402503,22362339
03-04-2022,9.87767915,10.18231165,10.53889027,10.14932084,10.6231417,22709902
04-04-2022,10.72565697,9.342701046,11.09324713,11.37018236,9.622531865,12042905
05-04-2022,10.61755242,11.26243738,10.46244544,10.8804786,9.699593623,16351548
06-04-2022,10.46028109,9.647360269,10.70071056,10.81792375,8.793705891,3556370
07-04-2022,9.054954978,9.107665611,10.97202889,10.03035984,11.13240112,31563426
08-04-2022,10.89861783,10.79128802,9.079046886,11.0858505,11.36409699,15520065
09-04-2022,10.74703225,9.529963019,11.12755148,9.385449557,9.39660773,17873248
10-04-2022,9.25893495,9.923587084,10.56861113,10.19997791,10.25261604,14940348
11-04-2022,9.823565499,11.05731748,11.17128856,9.844383759,11.23509837,28319524
12-04-2022,10.50077601,9.557765886,8.873681876,11.16474058,9.410626688,35496118
13-04-2022,10.35740565,10.3105038,9.602010088,10.36329389,10.93774336,24966065
14-04-2022,10.54933339,9.807311341,10.449256,9.281053211,10.77865503,31225725
15-04-2022,10.31413668,10.83902503,9.843644068,10.48665714,9.572432636,27814040
16-04-2022,10.86142169,10.6566571,10.98971429,11.17830804,9.653585544,15730377
17-04-2022,9.983865971,10.64809133,11.15557853,9.937971851,9.721788092,19972016
18-04-2022,10.53879397,10.56496912,11.1266211,10.72090827,9.127247822,41127362
19-04-2022,9.703821045,9.596446808,10.86763226,10.43936446,9.560062732,7523688
20-04-2022,9.895135363,10.1593911,11.04021841,10.63597092,9.306584624,39413590
21-04-2022,9.75680744,10.10538544,10.2767781,9.738011309,10.20941749,9928046
22-04-2022,9.792884694,10.55754391,9.902921613,11.01123432,9.760315293,7605702
23-04-2022,10.16723771,9.877004225,10.10959839,10.34588186,9.605856891,39294789
24-04-2022,11.00239682,9.893833578,10.57540138,9.927189588,9.414775719,32569740
25-04-2022,10.35477747,9.584754795,9.719942404,9.277207473,9.586829879,21484663
26-04-2022,10.34989503,10.77215512,9.99686527,10.34576845,9.714870775,21832494
27-04-2022,10.493883,11.30142381,9.537765463,10.26985011,9.461671037,40458757
28-04-2022,11.21897218,9.828795764,10.09817104,10.05383723,11.03256548,40080045
29-04-2022,10.09486343,9.976306951,9.841266746,9.279246586,10.11257199,6267651
30-04-2022,11.20316173,10.70606768,9.627866437,9.015046139,9.849389098,14257531
01-05-2022,9.293359408,9.924367143,10.75074741,9.425522764,9.281345159,10073660
02-05-2022,10.44758124,11.20232545,11.18815161,11.26236413,11.23223576,32503922
03-05-2022,10.54300153,10.00867404,9.206631539,9.806267152,9.249293315,14759356
04-05-2022,9.970905812,9.421498422,10.14500115,10.39849371,9.765937997,20602736
05-05-2022,9.48807087,10.82028691,10.82033098,9.839701678,11.1414164,14084291
06-05-2022,9.483209676,10.74987479,10.15427808,10.65574532,11.2437977,20984588
07-05-2022,10.1099773,10.2551883,10.83441465,11.12887845,9.873758481,22214162
08-05-2022,9.779108548,9.399748645,8.887835367,9.183185086,10.88692742,7757236
09-05-2022,10.45219332,10.08649187,9.030212199,10.16719404,11.25453149,25134274
10-05-2022,9.511734425,9.617518006,9.70640551,10.94596816,9.842901997,25785999
11-05-2022,9.606930917,10.77337426,9.558930518,11.08538614,10.28883674,13407506
12-05-2022,9.129939545,9.678927778,10.29839553,9.236419861,10.91866368,10741678
13-05-2022,10.37781879,10.90113675,9.373941359,10.694363,10.12069732,18363219
14-05-2022,10.50351575,9.585843063,10.40539552,9.930934397,8.856614986,38314585
15-05-2022,11.18981911,10.0662808,10.87859499,9.490040381,9.880054143,21480549
16-05-2022,9.580233247,10.65981016,9.950869396,10.49556343,9.528282847,4517856
17-05-2022,10.11319621,10.4549204,10.0867114,11.39451421,9.123700681,14087394
18-05-2022,10.28644402,10.49707242,9.086027941,9.244624138,11.27829738,12196038
19-05-2022,10.73424494,10.03949863,11.20244726,9.306698043,11.07722843,13451885
20-05-2022,9.145520096,10.79077788,10.62951084,9.210001158,11.39969368,26183613
21-05-2022,10.8203048,9.549575255,10.47672345,11.01631782,10.76927252,40488380
22-05-2022,11.2936468,10.76081338,9.789232778,9.814755606,9.737225609,35136453
23-05-2022,10.60933272,10.754473,11.14127135,10.40621798,9.779505624,35188096
24-05-2022,10.17404769,10.24237122,9.718321385,11.08220102,9.42132909,21110741
25-05-2022,10.96533428,11.52229717,11.16234138,10.94316886,9.597723586,32425510
26-05-2022,10.53348655,11.55794542,9.483178534,10.07818595,9.349162251,12220478
27-05-2022,9.342431586,9.749365004,9.405027486,11.19261554,11.1249727,39044704
28-05-2022,11.13642285,10.08007094,10.00006908,9.708760992,8.943484521,5386526
29-05-2022,10.08863254,9.215775829,10.01018066,9.53956723,8.851232412,30490898
30-05-2022,9.276153351,10.95431601,10.906618,9.414521969,10.33076239,30050895
31-05-2022,9.908012606,10.3170679,9.431709226,9.184596677,11.33626494,31260623
01-06-2022,9.963495169,11.4969601,9.074745331,9.22159401,8.826599382,33477863
02-06-2022,10.8887502,9.597854056,9.997930902,9.667975401,10.69445479,23212520
03-06-2022,9.452868278,9.556340289,8.878023358,9.841478896,11.21136718,13515566
04-06-2022,9.249971829,9.90812499,10.15641066,9.369191598,9.756215036,24931588
05-06-2022,11.01762618,9.057455193,10.14946052,11.02137041,10.23604607,18547210
06-06-2022,11.05411338,10.52150367,9.744872012,11.10219501,9.296294513,13714264
07-06-2022,10.65372463,11.24885402,11.18643986,9.1623815,10.63249152,8300098
08-06-2022,10.20506594,9.145609673,10.52530309,9.961575023,9.529033393,26891101
09-06-2022,11.29483406,11.48374235,9.548615786,9.290893383,9.071788417,40544939
10-06-2022,11.24808612,11.55707532,9.326085101,9.852727873,10.60390504,7888307
11-06-2022,8.991314495,10.40143232,11.05043914,9.448633154,9.361366517,35623972
12-06-2022,9.057355337,9.226062887,9.414524666,10.36770102,10.77975121,12726094
13-06-2022,9.959474334,9.411632702,10.79700053,10.28422846,9.952590469,3911667
14-06-2022,9.495975015,11.06538867,10.19725963,9.909352244,10.03340966,24621234
15-06-2022,9.898060385,9.794547758,10.66085744,9.85993301,9.305353317,10532754
16-06-2022,9.870437691,11.17608965,9.503772103,9.529308672,10.83210911,20577635
17-06-2022,9.004664622,10.19949199,10.14344915,9.049394929,10.74695679,36120401
18-06-2022,10.40657234,9.672505237,10.0276949,9.716607536,9.84757862,29003307
19-06-2022,10.20571243,10.99628467,11.02230375,10.01565234,10.44397239,39079181
20-06-2022,10.68214665,11.09604781,9.952768951,10.70383375,10.13303843,30359827
21-06-2022,9.199145562,9.163486232,10.5802342,11.31296939,8.977029116,33318848
22-06-2022,10.49599839,11.03364263,10.80596609,10.87989075,10.68316753,4342458
23-06-2022,9.047951759,10.86300638,9.85189523,10.14273983,10.12809838,27380487
24-06-2022,10.33656119,9.638049236,10.12194241,10.12465734,9.939795556,4867314
25-06-2022,10.12877328,10.24279669,9.671467897,9.101136281,9.660381823,35921374
01-12-2022,9.471536002,9.817717593,9.850977962,11.27727783,10.89192802,10442008
02-12-2022,9.430743307,11.28775226,9.131885097,9.005835447,9.07010631,33258110
03-12-2022,11.21657022,10.19378957,10.88961426,10.97004546,10.35557033,35135977
04-12-2022,10.14545565,9.408515519,9.652303253,11.04011047,11.24540831,20886550
05-12-2022,9.755780509,10.76486998,10.36925734,9.156008449,9.288729157,19266713
06-12-2022,11.17156298,11.47430601,10.82418248,11.17021362,9.893899904,4852657
07-12-2022,9.103247698,9.743508184,10.74700412,10.97054454,9.795235389,13934044
08-12-2022,10.78693,10.01214554,10.98534278,9.620767062,10.70262993,37083593
09-12-2022,9.348165294,10.28701094,9.86989237,10.29349598,10.42119151,30782962
10-12-2022,9.344362629,10.61857918,9.44258516,10.97617337,10.46832218,24608081
11-12-2022,10.29339003,9.946842904,9.942307852,10.45592665,9.283821068,37790236
12-12-2022,9.341190037,10.22585195,10.31162021,11.03555506,10.39531417,9563618
13-12-2022,9.685198189,10.77083425,9.645258103,10.05145944,10.01297207,36939277
14-12-2022,10.18157571,9.382773077,8.962844488,11.27447059,11.08609647,11937627
15-12-2022,10.26755534,9.600443111,9.235527088,10.52967633,8.952069911,21815311
16-12-2022,9.977727378,11.43667788,9.197195963,10.27092246,11.00856662,29920552
17-12-2022,9.03823511,10.36260809,10.56999441,10.75675746,10.82799799,40796913
18-12-2022,10.27230375,10.30929942,9.559606526,9.659757657,8.915899851,20337880
19-12-2022,10.52244948,10.77057935,9.38422918,9.497519042,9.851352645,8013648
20-12-2022,9.449332221,11.13964235,10.14985814,10.41943016,9.209034112,5776334
21-12-2022,11.19237529,10.56321197,10.45414771,9.835320613,9.167924673,37048979
22-12-2022,11.31239659,10.48053909,8.940642079,9.962954732,10.24854128,35081138
23-12-2022,10.80861805,10.31861607,10.97844981,9.980735037,10.25841845,28992563
24-12-2022,9.249887794,10.83986715,10.15287831,11.17498156,9.367624992,23986219
25-12-2022,11.03352495,9.910596103,9.174818759,9.808726148,10.20916024,21448777
26-12-2022,10.79570337,9.616564122,11.12764236,9.119933078,10.30076188,17108077
27-12-2022,10.65358912,9.995844756,9.153910323,9.540370615,10.14526688,18476404
28-12-2022,9.912962593,9.952217574,9.695171368,9.825764723,10.8522456,16868099
29-12-2022,9.892634034,9.542917305,9.025992755,11.09151554,9.714914309,6606068
30-12-2022,10.15282611,9.645296242,9.411006884,11.05047475,8.93696012,11765547
31-12-2022,9.799857095,10.53282743,11.01568524,10.62765501,10.57933518,19662471
01-01-2023,11.20798832,9.402246998,9.147245102,10.5563362,10.09200569,7161810
02-01-2023,9.635477532,10.76216584,10.01909045,10.48623961,8.837093245,28744052
03-01-2023,9.822605909,11.16421111,9.337438625,10.37599334,9.383411172,12987168
04-01-2023,9.194427997,10.07906995,11.07051924,10.26681849,9.467947272,21929137
05-01-2023,9.020674528,11.18914729,10.54606791,9.284216492,9.506190032,37634913
06-01-2023,9.223227169,11.39704052,9.168318565,9.083775219,8.884099498,13167809
07-01-2023,10.01835453,11.22929404,9.230406008,9.999288492,10.78748729,33510208
08-01-2023,10.35411787,10.33576535,10.6407888,9.244961367,9.066539609,9837221
09-01-2023,11.15468911,10.97749894,9.468048486,10.88214984,10.71004757,31209042
10-01-2023,10.55195724,10.36348332,10.79345531,9.732815811,10.88481333,13053074
11-01-2023,9.021946983,11.28592614,10.26688206,11.01099855,8.823206432,36562183
12-01-2023,10.38030289,11.1856451,10.14079746,10.13891138,9.401505735,6316582
13-01-2023,9.594939416,9.670003114,10.50600916,9.129225663,11.39032029,4765093
14-01-2023,9.485559603,10.50924637,10.88458402,9.257792717,10.45418118,5452154
15-01-2023,10.36474785,9.604551554,10.71713448,10.47655236,9.75280034,11585001
16-01-2023,11.1951719,9.252775973,11.11820366,9.907535747,10.54823511,4142748
17-01-2023,9.782054798,11.01123424,10.74978522,11.36325361,8.951356315,31943302
18-01-2023,9.725410226,9.63699041,8.993597037,10.55844829,9.433445039,39651083
19-01-2023,11.32234558,10.64483191,9.465455267,8.97273221,10.11089627,5948795
20-01-2023,9.322006243,11.24307465,9.221824465,10.15573785,8.964120679,7881667
21-01-2023,11.17086663,9.958184385,9.411721184,9.34550037,11.15458026,39353361
22-01-2023,9.870322965,9.74538651,10.54829322,10.83432027,10.03307409,9654605
23-01-2023,9.697730771,10.95503833,10.00382176,10.00384047,10.23840378,38685678
24-01-2023,9.646113923,9.411547123,9.413512844,10.60031348,10.41158762,8527674
25-01-2023,9.046517561,10.18779518,9.359010243,11.08882927,9.416837761,5846101
26-01-2023,9.714579235,10.66237641,9.734161807,10.26748821,10.94750405,13275097
27-01-2023,9.425157733,9.172257022,11.14199067,9.493751904,9.915690745,17519537
28-01-2023,9.92740153,10.01492478,8.900915143,10.31508909,9.288973606,7970281
29-01-2023,9.063527262,9.9184743,10.16897514,10.42153323,9.152339384,27484116
30-01-2023,10.96274796,11.42292983,9.806577345,10.3959901,9.86469435,24554131
31-01-2023,10.37674983,10.70947155,9.641811355,9.089376885,10.10117206,40335978
01-02-2023,9.160407553,11.41842239,9.932514341,10.71329711,9.602521975,16591940
02-02-2023,10.34807405,11.25162615,9.905638228,10.73340634,9.518289609,28095480
03-02-2023,11.2838796,10.29579248,8.999166315,9.493607246,11.04391918,28595730
04-02-2023,9.337652929,11.36058337,10.80469786,10.94521689,11.15480443,17431492
05-02-2023,9.159706837,11.38645073,9.57637472,9.452064648,10.11921248,22232527
06-02-2023,9.88932677,11.01467036,10.50947019,10.64555059,10.46292643,32340252
07-02-2023,10.70950994,9.324686434,9.847521235,11.07951269,9.532566585,4092891
08-02-2023,9.484256058,9.399732596,9.479590414,10.46823386,8.934377394,17347221
09-02-2023,10.1229962,10.49557999,9.673107409,9.837114636,9.634868603,25129253
10-02-2023,10.1134452,9.913655519,9.737276558,9.323632069,9.993016116,32980573
11-02-2023,10.18304947,11.14275038,10.77599126,9.546919851,10.87890808,12968152
12-02-2023,11.06250793,10.08572081,11.00991471,10.97989792,8.799452416,7694226
13-02-2023,10.3330267,9.844967613,9.611267732,9.327599885,9.583169993,32162490
14-02-2023,9.980892696,9.758380025,10.27202913,10.73977471,8.996494268,36567804
15-02-2023,10.93324421,9.967358052,9.651632692,10.23908319,9.28099389,27546129
16-02-2023,8.991483521,10.22131434,8.976760727,9.209823303,10.10270028,30608193
17-02-2023,9.483579374,10.12833966,10.9317958,9.784757506,8.867636197,4542950
18-02-2023,11.2582138,10.48233484,9.758522885,10.24921985,8.864848493,14333775
19-02-2023,9.563307382,9.148007772,10.99431356,10.25310028,9.703654165,22804519
20-02-2023,10.17029428,10.63585195,10.55679642,11.35899265,9.50330619,23195888
21-02-2023,9.967349152,9.40925235,8.885018356,10.78179194,9.456407533,37647591
22-02-2023,10.45173386,10.56647782,10.05002231,9.991471422,10.11928518,27837984
23-02-2023,9.836489637,10.79281055,11.11434304,10.42171879,10.86366245,9709238
24-02-2023,10.92018281,10.60232846,10.51278281,10.65128215,8.906763333,18470516
25-02-2023,10.44433627,10.5485063,9.282620615,11.04479379,9.819847849,16015899
26-02-2023,10.34572119,9.953462345,10.84896305,10.07727935,9.661869841,13302455
27-02-2023,11.23572016,10.02872056,9.456381206,9.322892961,11.08888447,16665340
28-02-2023,10.26517689,9.872877535,10.24583605,9.691520257,9.653493251,17364514
01-03-2023,9.854517149,10.2195607,11.07618294,10.26932833,10.06954344,31736775
